customer_id,customer_first_name,customer_last_name,customer_gender,customer_date_of_birth,customer_address1,customer_address2,customer_postcode,customer_phone_number,customer_email,customer_password
C051,Waldemar,Papaminas,Male,24/03/1996,1936,Cody Road,CV11DS,193-719-5263,Waldemar.Papaminas@gmail.com,rZ7)dXca1w<IU
C052,Tierney,Checchetelli,Female,07/05/2003,7373,Crescent Avenue,CV11DF,512-355-2427,Tierney.Checchetelli@yahoo.com,dO9|HQ|7dex
C053,Godart,Yong,Male,16/02/1997,5942,Marquette Street,CV11EU,128-270-3085,Godart.Yong@hotmail.com,"kU6<3DJ4j>I,("
C054,Gaye,Carass,Female,04/10/1985,7807,Grim Road,CV11EA,205-321-9960,Gaye.Carass@gmail.com,yJ1|e|Y$`}l
C055,Ami,Hoyle,Female,05/01/1989,8299,Center Road,CV12JE,860-722-9294,Ami.Hoyle@yahoo.com,gS5!&mBo39Jo
C056,Orville,Clayworth,Male,10/11/1989,5496,Melrose Avenue,CV11FL,993-890-0209,Orville.Clayworth@hotmail.com,kK1(>%3g3)(ih
C057,Andie,Botwood,Male,13/04/1996,6438,Bultman Lane,CV12JE,568-672-7425,Andie.Botwood@gmail.com,sE2\|)9HPu
C058,Rodolfo,Seeds,Male,02/05/1990,6151,Tony Street,CV11EJ,476-863-3468,Rodolfo.Seeds@yahoo.com,"iC5/j~_oWpBFv,m1"
C059,Reuven,Lindenbaum,Male,03/04/1987,1986,Saint Street,CV11AJ,610-122-1097,Reuven.Lindenbaum@hotmail.com,qU0/}upa
C060,Drucie,Scini,Female,22/08/1975,3100,Green Road,CV11DG,594-939-3477,Drucie.Scini@gmail.com,oA3%4bZZ
C061,Kathi,Miles,Female,12/08/1973,7383,Waxwing Street,CV11AJ,350-989-5311,Kathi.Miles@yahoo.com,yJ6`g!.m
C062,Esmaria,Dunbabin,Female,16/05/1980,7608,Dunning Road,CV11DL,630-347-4356,Esmaria.Dunbabin@hotmail.com,iC3/HULB
C063,Ranice,Enterle,Female,18/09/1978,4218,Butternut Street,CV11AL,613-268-8893,Ranice.Enterle@gmail.com,mA8}vFUCZ/
C064,Porty,Barwise,Male,22/01/1993,8284,Declaration Avenue,CV11DX,781-434-0761,Porty.Barwise@yahoo.com,jZ8.g_!0a
C065,Lorne,Baylie,Male,31/07/1998,4352,Di Road,CV11FJ,127-203-1139,Lorne.Baylie@gmail.com,wO1){THe
C066,Perla,Flann,Female,24/07/1995,6799,Corscot Street,CV11DG,384-242-8392,Perla.Flann@yahoo.com,tD6+HLHx
C067,Gillie,Unwins,Female,14/09/1990,2806,Golf Lane,CV11AR,694-892-1350,Gillie.Unwins@hotmail.com,pQ7*4RIb$1koAz3
C068,Brendis,Ardron,Male,22/07/2003,5338,Fordem Street,CV11DX,723-561-8908,Brendis.Ardron@gmail.com,"iU9$K=.>D,4*6@Yh"
C069,Benedicta,Feyer,Female,04/11/1983,9557,Clyde Road,CV11AH,714-502-3153,Benedicta.Feyer@yahoo.com,cG3&vI/u@
C070,Barri,Lawlance,Male,26/02/1972,2031,Hanover Avenue,CV11DD,290-494-4161,Barri.Lawlance@hotmail.com,"zS3_yN8Rg~w@,}m"
C071,Martie,Peasby,Female,09/04/1974,5312,Continental Avenue,CV11DS,738-593-0336,Martie.Peasby@gmail.com,qF9(FyT~o`Xrs
C072,Miquela,Inskipp,Female,29/07/1980,1837,Spaight Street,CV11DX,152-547-0566,Miquela.Inskipp@yahoo.com,kS7}2$79Y{r?PW
C073,Beatriz,Ismay,Female,22/02/1980,9217,Texas Lane,CV11EU,129-897-4282,Beatriz.Ismay@hotmail.com,aJ6_qF96+6S$
C074,Ulberto,Stendell,Male,20/06/1972,6801,Porter Avenue,CV11DD,563-410-8692,Ulberto.Stendell@gmail.com,fY5.O}E\VI_j
C075,Vale,Ripon,Female,20/10/1979,8186,Westerfield Avenue,CV11DN,416-233-4122,Vale.Ripon@yahoo.com,pS1\m\NC
C076,Mason,Gladdish,Male,28/11/1997,6335,American Road,CV11EJ,895-286-9530,Mason.Gladdish@hotmail.com,"sY7,\3g*tr#"
C077,Axel,Loxton,Male,09/10/1971,6049,Barby Road,CV11DE,896-524-0368,Axel.Loxton@gmail.com,fG9\#Oi9.MTk
C078,Reggie,Drable,Male,20/02/1982,5201,Saint Lane,CV11ET,670-232-4837,Reggie.Drable@yahoo.com,wU8&up>`8`
C079,Raymond,Peek,Male,16/03/1976,5162,Elka Avenue,CV11EJ,821-143-7416,Raymond.Peek@hotmail.com,sJ7~TsgP
C080,Gan,Bill,Male,25/05/1986,3872,Sunfield Lane,CV11FJ,902-373-1362,Gan.Bill@gmail.com,aF0/Rj&DSQn0
C081,Wenda,Addicote,Female,01/06/1975,7930,Jenifer Lane,CV11DS,805-523-5309,Wenda.Addicote@hotmail.com,wG9/ir}#C}%mDj@s
C082,Deonne,Delahunt,Female,07/05/1985,3232,East Avenue,CV11FE,564-726-5674,Deonne.Delahunt@yahoo.com,cX6\toiiN
C083,Spense,Bilham,Male,10/10/1992,3964,Killdeer Street,CV11ET,509-913-0142,Spense.Bilham@gmail.com,"eL5|~$,l"
C084,Ferris,Judron,Male,16/04/1982,8767,Melody Lane,CV11AL,172-264-6347,Ferris.Judron@hotmail.com,bV1$e5<>F
C085,Biron,Dorton,Male,26/10/2002,8544,Rieder Lane,CV11EE,982-435-9949,Biron.Dorton@yahoo.com,nC5@23AKV!@gm
C086,Arda,Mearing,Female,29/08/2003,7243,Forest Avenue,CV11DX,496-225-3071,Arda.Mearing@hotmail.com,wZ8}rB?`?nrp
C087,Kitti,Timmes,Female,17/12/2000,4256,Bartillon Street,CV11EU,425-437-9357,Kitti.Timmes@gmail.com,kE3>qT)
C088,Glynn,Dragon,Male,14/09/1992,2886,Randy Road,CV11DD,440-206-7211,Glynn.Dragon@yahoo.com,hK3<o`c\cb<
C089,Ewart,Brenston,Male,16/05/1987,4991,Macpherson Avenue,CV11AJ,504-968-8448,Ewart.Brenston@hotmail.com,tR64c{Rp=e9Nm6(
C090,Nananne,Jewer,Female,21/12/1988,6365,Petterle Lane,CV11EU,393-191-2374,Nananne.Jewer@gmail.com,zZ8/)y)~2A.J5VR
C091,Maddie,Bustard,Male,10/11/1999,2707,Morningstar Lane,CV17EQ,616-447-2117,Maddie.Bustard@yahoo.com,cA3/SRv|alnQ
C092,Alyda,Widdowes,Female,19/06/1998,2405,Dunning Road,CV11FD,533-434-7493,Alyda.Widdowes@hotmail.com,xM8%F_xu
C093,Stanleigh,Tythacott,Male,27/06/1996,5804,Mariners Street,CV11DY,227-129-3728,Stanleigh.Tythacott@gmail.com,tJ3{eJ/w
C094,Budd,Harrold,Male,06/12/1980,6682,Brentwood Lane,CV11DL,611-370-8155,Budd.Harrold@gmail.com,fG4{9WxSJ
C095,Nelie,Ferschke,Female,28/12/1982,2229,Shoshone Avenue,CV17EQ,214-415-0834,Nelie.Ferschke@hotmail.com,pH9{L(av}.
C096,Jenifer,Widdowfield,Female,29/03/1984,7055,Barby Road,CV11FN,676-473-9225,Jenifer.Widdowfield@yahoo.com,"pI5,5VL66&%vh_l"
C097,Desirae,Joice,Female,17/03/1994,2432,Mosinee Street,CV11DG,907-134-6581,Desirae.Joice@gmail.com,sV3(CtLU)7VR
C098,Gilbertine,Branwhite,Female,14/04/1987,1257,Knutson Street,CV11DG,833-983-2875,Gilbertine.Branwhite@hotmail.com,iR0$.hIZfIK{kp9
C099,Freeland,Gothard,Male,19/06/2003,1774,Heffernan Lane,CV11AQ,876-289-1137,Freeland.Gothard@yahoo.com,kY7!R?B|=OhBT
C100,Clem,Chant,Male,21/05/1975,9617,Mayer Avenue,CV11EA,926-841-0408,Clem.Chant@hotmail.com,mO7>.h>CAr0gB
C101,Caldwell,Cutajar,Male,24/01/1990,9668,Corry Avenue,CV11DD,461-890-9811,Caldwell.Cutajar@gmail.com,pY1>NI||s<+G
C102,Richardo,Bingall,Male,02/07/1975,1300,Hintze Avenue,CV11DG,176-349-5328,Richardo.Bingall@yahoo.com,fD0|cLUF
C103,Noami,Fiddymont,Female,07/10/2002,9639,Pepper Road,CV11AJ,355-759-4055,Noami.Fiddymont@hotmail.com,jH8!>1P8Bm5>1
C104,Dom,Need,Male,23/06/1970,2421,Doe Road,CV11DF,288-202-7280,Dom.Need@gmail.com,"lG4*r/NePAW},C"
C105,Beale,Vondrys,Male,16/02/1996,6389,Emmet Lane,CV11DF,100-853-3863,Beale.Vondrys@yahoo.com,"aJ6_o/m,@U5"
C106,Chaim,Muslim,Male,25/10/1981,3497,Bowman Avenue,CV11DX,825-458-8484,Chaim.Muslim@hotmail.com,"iS4)0x,~xU46Jc"
C107,Sibyl,Wesgate,Male,12/05/1980,2246,8th Road,CV17EQ,114-776-8518,Sibyl.Wesgate@gmail.com,iY9~9qSGG&D
C108,Tymothy,Ceeley,Male,30/10/2002,7044,Farmco Street,CV11DG,222-348-2019,Tymothy.Ceeley@yahoo.com,lZ4*1_)q
C109,Abigail,Sabates,Non-binary,18/05/1973,6712,Nancy Lane,CV11AP,558-961-5774,Abigail.Sabates@gmail.com,wD2Sy+.\1V
C110,Melita,Middlemiss,Female,03/09/1982,6344,Sycamore Avenue,CV11DY,770-223-5713,Melita.Middlemiss@hotmail.com,wU6\$N{$82G
C111,Sigrid,Danzig,Female,30/11/2001,8980,Loomis Avenue,CV11DD,592-312-8948,Sigrid.Danzig@yahoo.com,nP0+/Th?IHsS
C112,Yank,Scutching,Male,03/12/1999,9122,Derek Lane,CV11AP,255-974-6103,Yank.Scutching@gmail.com,fA3@oUTgfqC>9LS
C113,Sofie,Hakonsen,Female,05/08/1991,5609,Di Avenue,CV11AQ,685-570-4758,Sofie.Hakonsen@hotmail.com,qD0#.Y_<EB=c%
C114,Eva,Quig,Female,23/02/1979,1480,Surrey Lane,CV11EE,152-612-2484,Eva.Quig@yahoo.com,rF3!I&mWo2iyP{sU
C115,Skell,Yuryichev,Male,04/08/2002,1484,Northridge Road,CV11DL,909-556-0022,Skell.Yuryichev@hotmail.com,lL0~X>Cu
C116,Fitz,Luney,Male,29/03/1984,7726,Magdeline Street,CV11DY,536-905-4910,Nanette.VanBruggen@hotmail.com,xH6)40c$BA7o\
C117,Malchy,De Carlo,Male,11/02/1991,6069,Bay Lane,CV11DF,616-786-2858,Malchy.DeCarlo@yahoo.com,iQ8~y0_\5hmr*\0(
C118,Archibold,Pavia,Male,02/09/1995,5590,Bay Road,CV11DL,886-815-3559,Archibold.Pavia@hotmail.com,nE4)<RU#ot
C119,Rice,Duffet,Male,10/09/1987,1084,Prentice Street,CV11EU,706-343-8866,Rice.Duffet@gmail.com,"fV8||x,}O"
C120,Mischa,Moggle,Male,04/02/2003,7176,Granby Lane,CV17EQ,177-257-9150,Constantine.DeLisle@hotmail.com,sE7=O?@hWn}iC
C121,Derry,Yannoni,Male,10/02/1995,3151,Toban Street,CV11FL,526-982-9303,Derry.Yannoni@hotmail.com,zE4@=A!okkT8C|0
C122,Reidar,Mulvin,Male,19/12/1986,8787,Havey Street,CV11DS,504-747-5630,Reidar.Mulvin@gmail.com,eO3=W4rfu
C123,Eleanor,Filer,Female,03/04/1995,8475,Hagan Avenue,CV11DE,538-228-4769,Eleanor.Filer@hotmail.com,vW6>fC\LmGwi
C124,Pip,Stanyer,Male,15/01/1998,4725,Redwing Road,CV11EY,930-424-3643,Pip.Stanyer@gmail.com,mW7#)Psx!1|XBa?
C125,Saraann,Duffet,Female,21/07/1978,5010,Elka Lane,CV11EU,698-265-1403,Saraann.Duffet@hotmail.com,hG2\z=lc
C126,Ivett,Duhig,Female,30/09/1985,7589,Vera Avenue,CV11AL,645-947-9455,Ivett.Duhig@yahoo.com,"cD2._sH,NR@H"
C127,Saul,Robins,Male,21/06/1997,9218,Bashford Road,CV11DX,421-197-1974,Saul.Robins@gmail.com,rI7&<vMf9Re2Q
C128,Cass,Middleweek,Male,14/08/1998,1446,Becker Avenue,CV11DG,588-213-3051,Cass.Middleweek@hotmail.com,fB2}S~V$
C129,Luce,Gricks,Female,29/11/1994,5278,Corry Road,CV11DD,615-852-0597,Luce.Gricks@yahoo.com,xS0O|pM_xX
C130,Osborn,Bisco,Male,19/01/1973,6278,Hooker Lane,CV11DS,466-867-2841,Osborn.Bisco@hotmail.com,tB8<AKH%Yi/c
C131,Bonni,Averies,Female,11/07/1992,1145,Dayton Road,CV11FD,851-868-6354,Bonni.Averies@gmail.com,oO5TUH#K?pp
C132,Artemis,Huccaby,Male,27/02/1991,1707,Dryden Avenue,CV11DL,539-894-3769,Artemis.Huccaby@yahoo.com,gK8@%kUiAy&a
C133,Lindsay,Gossington,Male,18/09/1991,7053,Prairieview Avenue,CV11DS,582-559-7035,Lindsay.Gossington@hotmail.com,eF7~W*S@msEAVc
C134,Reinwald,Gartan,Male,07/01/1996,7580,Tony Lane,CV11DX,180-155-4937,Reinwald.Gartan@gmail.com,gK2ub~cIh2k
C135,Nerti,Channing,Female,03/10/1976,4490,Hanson Street,CV11AJ,627-304-8943,Nerti.Channing@yahoo.com,rN8.9\Np73Y8?dv
C136,Judy,Wherry,Female,27/01/1975,8617,Surrey Avenue,CV11EX,696-369-1964,Judy.Wherry@hotmail.com,fG4(6>o#BFTq+
C137,Sayre,Tomkinson,Male,27/04/2002,5076,Esch Lane,CV11EX,872-734-6046,Sayre.Tomkinson@gmail.com,"nQ3*&o,1@.PK+5"
C138,Winfred,Hugo,Male,25/10/1988,3952,Nancy Street,CV11DY,280-583-5002,Winfred.Hugo@hotmail.com,yG5&<UFM`qGtnr
C139,Bettye,Cheltnam,Female,24/07/2002,6830,Blue Road,CV11EE,605-842-7403,Bettye.Cheltnam@gmail.com,gN0=rV}bwX#bN3NM
C140,Renault,Moberley,Male,12/12/1995,1132,Declaration Road,CV11DG,912-847-2540,Renault.Moberley@yahoo.com,"eX5,89Ks5!0*4Z<P"
C141,Aimee,Keeley,Female,17/08/1993,9536,Susan Road,CV11AJ,763-472-9254,Aimee.Keeley@hotmail.com,sA8\`4YJ&G
C142,Bartholemy,Curthoys,Male,13/10/1980,6585,3rd Lane,CV11DE,270-106-4235,Bartholemy.Curthoys@gmail.com,aU4@_@N.
C143,Trisha,Wildor,Female,15/10/1978,1512,Carey Road,CV11AP,449-889-7695,Trisha.Wildor@yahoo.com,xN6<@+j@iY2l
C144,Constantine,De Lisle,Female,26/10/1983,6986,Drive Lane,CV11AJ,552-783-9095,alex.Keely@hotmail.uk.com,uT1*8D0zmf~<znKb
C145,Garek,Boydon,Male,10/09/1979,2581,Macpherson Avenue,CV11EJ,152-546-5597,Garek.Boydon@gmail.com,xQ3{}yo%(%~{
C146,Judas,Kiss,Male,25/06/1996,9224,Judy Lane,CV11EX,203-405-9324,Judas.Kiss@hotmail.com,tV8\B%op7
C147,Daloris,Spearman,Female,18/11/1971,2484,Mariners Road,CV11AR,990-284-8338,Daloris.Spearman@gmail.com,nT8&*8.lCw<uP.|a
C148,Claudelle,Highway,Female,18/06/1989,2996,Blue Lane,CV11DY,930-592-2579,Claudelle.Highway@hotmail.com,uL4?\e<3
C149,Mortimer,Parchment,Male,23/02/1997,6287,Commercial Road,CV11AN,818-754-8792,Mortimer.Parchment@yahoo.com,qJ0+P11+jIE3Z/x9
C150,Berky,Skoyles,Male,21/11/1986,3862,Pankratz Avenue,CV11DS,213-549-2983,Berky.Skoyles@gmail.com,rM3>>kZxn0x#W*+
C151,Nikolos,Grunguer,Male,07/02/1983,5260,Charing Road,CV11AJ,484-132-1527,Nikolos.Grunguer@hotmail.com,mP4%1_VusR%<T<%N
C152,Danette,Dicker,Female,09/09/1999,1206,Bowman Avenue,CV11DG,110-391-2506,Danette.Dicker@yahoo.com,oX6+e|Dr
C153,York,Garritley,Male,11/12/1981,7434,New Street,CV11FD,432-525-1704,York.Garritley@hotmail.com,nH8!OA4+fVIqbQ
C154,Elora,Lucien,Female,07/08/1985,4907,Warbler Road,CV11DN,554-715-2984,Elora.Lucien@gmail.com,zF1<=w1NA?~@L>F
C155,Odetta,Granleese,Female,11/03/1985,8991,Westport Road,CV11EE,863-945-7229,Odetta.Granleese@yahoo.com,mM6>!Jjg`LU
C156,Tome,Feast,Male,05/08/1970,1011,Carberry Avenue,CV11EY,160-212-7081,Tome.Feast@hotmail.com,gX9`><rSohKN_nu@
C157,Sergeant,Red,Male,05/10/1976,8077,Crescent Lane,CV11FJ,424-862-3047,Sergeant.Red@gmail.com,nF4/5(8V
C158,Barnett,Marthen,Male,04/05/1975,2742,Hoard Street,CV11EJ,177-765-1996,Barnett.Marthen@yahoo.com,cB4?0.G.Sy<Zr
C159,Alta,Grimsdith,Female,04/10/1997,2704,Reinke Street,CV11AP,710-705-1658,Alta.Grimsdith@hotmail.com,qV0&~4C{$)Sx6D
C160,Merry,Preto,Female,11/10/1983,1585,2nd Road,CV11DD,220-617-2486,Merry.Preto@hotmail.com,uZ3%c|F8%&
C161,Cullen,Guidetti,Male,01/10/1991,6719,Forster Street,CV11DD,571-482-8453,Cullen.Guidetti@gmail.com,yC0_Lrbj
C162,Nigel,Ginger,Male,09/01/2004,7263,Bashford Road,CV11EY,742-898-4273,Nigel.Ginger@yahoo.com,sR9*10`FlmANr
C163,Jessa,Longmead,Female,03/11/1982,2009,Grayhawk Street,CV11DD,505-244-2175,Jessa.Longmead@hotmail.com,lH1~Pm2~Cq(@
C164,Aurore,Lathom,Female,11/08/1976,1035,Wayridge Avenue,CV11AR,505-481-3525,Aurore.Lathom@gmail.com,qZ0/nK(6
C165,Ricki,Whitfeld,Male,09/02/1994,9909,Elka Road,CV11AR,104-822-4290,Ricki.Whitfeld@yahoo.com,yV7}2ZIn#.<
C166,Keslie,Bernardoux,Female,10/01/1971,9400,Pennsylvania Street,CV11ET,351-112-8055,Keslie.Bernardoux@hotmail.com,wB6NK%KFc
C167,Brunhilda,Rupp,Female,12/06/1976,9396,Forest Lane,CV11DY,439-141-2030,Brunhilda.Rupp@gmail.com,vM2*MPhwxU*C{
C168,Magdalen,Estcourt,Female,04/08/1979,9303,Truax Street,CV11DG,583-947-9479,Magdalen.Estcourt@hotmail.com,mY4??|>z6?`Zj?%
C169,Lowell,Ollivier,Male,10/05/1989,9259,Esker Road,CV11DX,657-602-3171,Lowell.Ollivier@gmail.com,pH6~O3/waWM
C170,Cherilynn,Gower,Female,06/11/1979,9030,Talmadge Avenue,CV11FJ,270-951-6174,Cherilynn.Gower@hotmail.com,sG4%?/2p=
C171,Shaun,Dolder,Male,06/01/1995,9003,Atwood Avenue,CV11AL,893-485-8695,Shaun.Dolder@yahoo.com,fC1}?=35\hf`b<
C172,Stearn,Vickerstaff,Male,07/07/1980,8958,Loeprich Street,CV11AR,940-452-8947,Stearn.Vickerstaff@gmail.com,mX2*EXRLCPb
C173,Stinky,Probbing,Male,08/12/2001,8879,Glendale Lane,CV11EJ,673-803-8258,Stinky.Probbing@hotmail.com,lZ3)D<!
C174,Magda,Blacklawe,Female,06/06/1973,8830,American Avenue,CV11AR,844-200-4178,Magda.Blacklawe@yahoo.com,"aH7,O%3lO?1iPQ>"
C175,Reamonn,Jentle,Male,05/07/1973,8759,Crest Avenue,CV11FJ,592-641-1178,Reamonn.Jentle@hotmail.com,gM7#XCc7{
C176,Butch,Sango,Male,02/08/1992,8744,Buell Road,CV17EQ,329-614-7203,Butch.Sango@gmail.com,rG1$)i)x
C177,Marja,Aleksahkin,Female,03/01/1994,8688,Hallows Road,CV11EU,453-749-8723,Marja.Aleksahkin@yahoo.com,uF9>fcSQmHbz
C178,Sharyl,Phayre,Female,08/06/1975,8658,Dapin Lane,CV11EY,373-527-1034,Sharyl.Phayre@hotmail.com,lY6`Tx.sepz
C179,Nicky,Winnard,Female,11/04/1981,8406,Buhler Avenue,CV11AL,391-152-8430,Nicky.Winnard@gmail.com,iB9<%lek15?R9y
C180,Bill,Ewings,Male,12/09/1978,8371,Waywood Lane,CV11EJ,117-686-7506,Bill.Ewings@yahoo.com,cF9`Y!/kp
C181,Shirlene,Padefield,Female,05/02/1980,8313,Sauthoff Lane,CV11DL,959-644-3560,Shirlene.Padefield@hotmail.com,hJ0#$<uv`P\?._
C182,Petra,Baudry,Female,12/11/1994,8272,Laurel Avenue,CV11EE,607-477-0561,Petra.Baudry@hotmail.com,nR4(C$(jdRVAtC
C183,Monica,Brabham,Female,10/08/1997,8146,Pond Street,CV11EE,173-864-0677,Monica.Brabham@gmail.com,zD4$YDDU7Sq
C184,Herminia,Henner,Female,11/03/2003,7968,Village Lane,CV11DG,260-736-2641,Herminia.Henner@yahoo.com,nY3cG~)zm$qTv
C185,Bren,Bugbee,Male,03/06/1995,7957,Village Lane,CV11ET,937-109-7307,Bren.Bugbee@hotmail.com,qV3$?(!{F>C(3
C186,Sidonnie,Cato,Female,02/04/1976,7952,Lawn Avenue,CV11ET,521-333-8356,Sidonnie.Cato@gmail.com,tM7%q8m{\
C187,Abdel,Carling,Male,11/07/1977,4604,Superior Street,CV11AR,722-948-0604,Abdel.Carling@yahoo.com,oI9BF(c2
C188,Moselle,Gemnett,Female,07/12/1978,4556,Declaration Road,CV11DS,410-339-4542,Moselle.Gemnett@hotmail.com,rX6)twBI~0uIl
C189,Sonja,Ucchino,Female,05/09/1985,4309,Troy Avenue,CV11EJ,130-822-9214,Sonja.Ucchino@gmail.com,iA9)?qRAz\SPR
C190,Sylas,Wilkie,Male,02/08/1979,4273,Melby Lane,CV17EQ,332-541-7083,Sylas.Wilkie@hotmail.com,jI1|)7CFSn~q
C191,Gianni,Sondon,Male,09/12/1987,4230,Glendale Lane,CV11DN,790-694-4712,Gianni.Sondon@gmail.com,"iU8?LHI,0p6>H"
C192,Parrnell,Semkins,Female,05/06/1997,4179,Tony Road,CV11DE,882-202-7219,Parrnell.Semkins@hotmail.com,fU8{&+#vP8`PX
C193,Pepito,Phelips,Male,03/01/1988,3475,Center Street,CV11FJ,120-512-6772,Pepito.Phelips@yahoo.com,xH3|pm{*zGM.AV
C194,Carlie,Trewhitt,Female,01/03/1973,3345,Armistice Lane,CV11DG,165-159-4784,Carlie.Trewhitt@gmail.com,aV6#rAi
C195,Ruddie,Quarterman,Male,12/10/2002,3300,North Avenue,CV11DD,979-796-4942,Ruddie.Quarterman@hotmail.com,pS7%1ln0
C196,Waite,Abramow,Male,10/05/1980,3297,Corben Road,CV11FD,983-936-2188,Waite.Abramow@yahoo.com,"sA2$,H$.Z<j)"
C197,Nanette,Van Bruggen,Female,06/01/1980,3288,Muir Street,CV11DL,794-351-1946,Nanette.Varuggen@hotmail.com,vG5!\2q{
C198,Leigh,Purshouse,Male,08/06/1997,3215,Burrows Street,CV11EY,264-518-0586,Leigh.Purshouse@gmail.com,oM1%c7aW
C199,Corly,Grattan,Female,08/06/1990,3032,Maywood Lane,CV11FE,685-698-4205,Corly.Grattan@yahoo.com,mP3{$9QNoS~2Z
C200,Lothaire,Sieghart,Male,04/03/1974,2943,Anzinger Avenue,CV11DN,981-304-9224,Lothaire.Sieghart@hotmail.com,cQ7.Z)Bib=CPx
