Customer_id,First_name,Last_name,Gender,Date_of_birth,Address_name,Postcode,Contact_number,email_id,password,card_number,card_CVV,card_holder,expire_date
1,Marchelle,Larkby,Polygender,8/1/2002,PO Box 90521,CV11DS,182-680-4772,mlarkby0@yandex.ru,"qE4(a""M}R",633314154024483855,780,Marchelle Larkby,1/18/1979
2,Shaine,Tavernor,Male,4/21/1979,Room 58,CV11DF,149-330-4998,stavernor1@shareasale.com,aX1#ofz&A=/LDt,3573318141685633,130,Shaine Tavernor,12/21/1993
3,Carmita,Heighton,Female,12/20/1966,Apt 1656,CV11EU,436-655-7221,cheighton2@princeton.edu,"qF7""!$V1",3571881009223310,504,Carmita Heighton,4/8/2014
4,Charlie,Fielders,Male,10/24/1989,5th Floor,CV11EA,227-726-2423,cfielders3@va.gov,"kD6<%#""8tX7T<",3533013572905985,808,Charlie Fielders,5/29/1971
5,Estella,Zecchinelli,Female,11/21/2002,PO Box 61112,CV11AP,169-863-9105,ezecchinelli4@amazon.com,oK3+8<*Uqm,3581357507720949,486,Estella Zecchinelli,12/16/1984
6,Bail,Corby,Male,9/8/1970,Room 896,CV11AJ,222-740-7197,bcorby5@columbia.edu,"qV2!,@{$1",5503599475694529,634,Bail Corby,4/11/1971
7,Drucie,Rizon,Female,1/10/1989,Suite 49,CV17EQ,557-953-5996,drizon6@wikipedia.org,"jX4""okZ_",3588189782131879,118,Drucie Rizon,3/5/1990
8,Barbie,Yoxen,Female,4/22/1987,Suite 6,CV11AN,830-197-6613,byoxen7@freewebs.com,vA3/Kjh&Pw,3584519822086192,545,Barbie Yoxen,12/28/1995
9,Giorgia,Slarke,Polygender,9/25/1979,15th Floor,CV12JE,950-876-7005,gslarke8@addtoany.com,"rI1{c,G_",5499114405565454,413,Giorgia Slarke,2/16/2004
10,Carmencita,Beggs,Female,12/20/1976,Suite 84,CV11AP,280-246-9338,cbeggs9@si.edu,bH7~k$u)l+P$5?T.,30119263800544,054,Carmencita Beggs,7/12/2002
11,Bucky,Geany,Male,11/18/1989,Suite 13,CV11AJ,420-644-5388,bgeanya@eepurl.com,"nQ9(|,7Ow8Wm",3572733648061800,150,Bucky Geany,1/7/1977
12,Russ,Kyme,Male,10/21/1997,Suite 29,CV11AQ,241-617-7493,rkymeb@freewebs.com,vM7+p!*1\7S_($E/,5602233745979474,663,Russ Kyme,5/15/2009
13,Wald,Dumbarton,Male,4/9/1996,8th Floor,CV11AH,551-538-3992,wdumbartonc@unblog.fr,nC9+4jow+e,5602250919388323566,377,Wald Dumbarton,5/4/1974
14,Briano,Bimson,Male,2/23/1988,Room 1654, CV11FL,363-661-5962,bbimsond@exblog.jp,nQ8.2U~ve0Zq,675942917455214218,611,Briano Bimson,11/6/1964
15,Art,Fatscher,Male,1/31/1962,PO Box 74671,CV12JE,972-752-4537,afatschere@gmpg.org,qD7_GTB!h.XrOQRH,30160276967730,474,Art Fatscher,11/23/1966
16,Warden,Greenrde,Male,10/16/1983,Suite 27,CV11EJ,997-118-3347,wgreenrdef@icio.us,fB4|JR=<GcL,560221731077237408,530,Warden Greenrde,12/16/1984
17,Erick,Buttle,Male,12/22/1994,Suite 47,CV11AN,809-341-4532,ebuttleg@columbia.edu,kL1)FlF$1ACLBN,4903395684333851942,710,Erick Buttle,6/5/1985
18,Elfie,Garrelts,Female,3/15/2000,18th Floor,CV11DF,313-383-7195,egarreltsh@ezinearticles.com,aS3&OG5@Av,5100172142071682,049,Elfie Garrelts,10/2/1967
19,Camille,Outright,Female,10/2/1963,16th Floor,CV11EY,372-443-0524,coutrighti@weebly.com,eF7|OM(5n{JS*BU_,3578890196616239,715,Camille Outright,10/1/1964
20,Mikkel,Rizzillo,Male,12/18/1967,12th Floor,CV11DE,446-900-0198,mrizzilloj@wp.com,eJ3$osv+_yrOI,3529914513412609,719,Mikkel Rizzillo,7/11/1962
21,Lloyd,Tyrrell,Male,11/27/1966,Room 1887,CV11EX,418-584-2590,ltyrrellk@shop-pro.jp,"fS2""hqo`qt",676398152314305158,550,Lloyd Tyrrell,10/3/2029
22,Husein,Brissard,Male,7/3/1965,Suite 52,CV11EA,618-309-7910,hbrissardl@reverbnation.com,dX1>mdwry$m(2`J,3565422004273709,155,Husein Brissard,7/30/1992
23,Grantley,Godard,Male,5/12/1985,PO Box 65944, CV11FN,444-371-3784,ggodardm@shareasale.com,mZ2%Fo?G%=,3559300400581057,551,Grantley Godard,3/6/2002
24,Pamela,Francescuccio,Female,6/1/1998,13th Floor,CV11EU,814-976-5334,pfrancescuccion@delicious.com,"rW1,7Yq*R",5602239730659302,436,Pamela Francescuccio,1/15/2019
25,Teddi,Armytage,Female,11/11/1997,17th Floor,CV17EQ,964-975-7314,tarmytageo@blogs.com,aJ5%oB'&O.\j%,3557748142202907,830,Teddi Armytage,10/19/1977
26,Mar,Soppitt,Male,8/20/1954,Room 1071,CV11DY,367-253-1374,msoppittp@nytimes.com,oM9{F=pT{de<RD,374283757306659,260,Mar Soppitt,4/25/2012
27,Louis,Allder,Male,1/12/1972,11th Floor,CV11EJ,257-108-5873,lallderq@icio.us,jJ7<9U7@R,3554374389871891,662,Louis Allder,10/18/1995
28,Kate,Carrell,Female,4/23/1990,PO Box 81814,CV11DG,601-666-6849,kcarrellr@wikipedia.org,rG0'@&tk6X31i,5602241399426080,655,Kate Carrell,8/15/2016
29,Des,Nutting,Male,9/17/1958,Apt 1138,CV11AR,706-839-7125,dnuttings@princeton.edu,"xK2`}i)?9q#CQ10""",3542562013634447,779,Des Nutting,8/6/1989
30,Mace,Buddle,Male,2/23/1970,16th Floor,CV11EE,384-612-8021,mbuddlet@google.de,oX2=#B!xV,3586905544438563,413,Mace Buddle,10/4/2002
31,Harold,Jakobsson,Male,5/28/1961,18th Floor,CV11AH,802-401-5491,hjakobssonu@bbb.org,uY9~n>Xfu2,5602219979743637,754,Harold Jakobsson,11/13/1950
32,Armand,Runchman,Male,1/9/1954,Apt 217,CV11EE,881-709-2319,arunchmanv@goodreads.com,"kE0`_g,5Xp,.1",3568507943027690,270,Armand Runchman,6/7/1990
33,Edee,Bukowski,Female,9/22/1960,PO Box 15968,CV11DF,669-312-6285,ebukowskiw@issuu.com,wB9@xTzN!Ss#B4l,6384660909026043,524,Edee Bukowski,9/25/1976
34,Letitia,Vase,Female,7/31/1988,8th Floor,CV11AL,678-201-9690,lvasex@nasa.gov,"pH0!|`f>""rUM~",3530381017466050,241,Letitia Vase,4/17/1975
35,Berta,Hush,Female,5/18/1951,Suite 95,CV11EU,131-468-4575,bhushy@timesonline.co.uk,"wX7*%,!WZ|\$",4913699688546826,112,Berta Hush,12/28/1996
36,Rollin,Smedmore,Male,8/29/1972,Apt 1473,CV11AH,473-480-3835,rsmedmorez@uol.com.br,qE3.dX~A/5ZE,670616484085681023,250,Rollin Smedmore,4/24/1974
37,Jaclin,Petty,Female,5/6/1962,Suite 99,CV11EJ,636-777-6769,jpetty10@abc.net.au,hF8(LI`i)?f,374622232712520,643,Jaclin Petty,10/16/1969
38,Mia,Mattack,Female,9/17/1958,Apt 506,CV11FE,455-640-8117,mmattack11@mapy.cz,"bH2|q""<Z6",5307437931346855,409,Mia Mattack,12/25/1991
39,Mortie,Rounsivall,Male,5/18/1989,Suite 67,CV11DX,283-973-1797,mrounsivall12@amazon.de,"rN9,ewQjjGa@",56022507110316460,189,Mortie Rounsivall,5/28/2019
40,Conny,Ikringill,Female,10/17/1976,PO Box 90009,CV11DS,110-537-3289,cikringill13@unesco.org,aC5=>g>Z,30000424796963,327,Conny Ikringill,5/30/1968
41,Gregoor,Savege,Male,11/25/1993,PO Box 21328,CV11AR,290-163-0340,gsavege14@meetup.com,iE2>Bh6d,3577021993128357,929,Gregoor Savege,2/8/2011
42,Natividad,Cirlos,Female,5/20/1970,4th Floor, CV11FL,382-273-7280,ncirlos15@stanford.edu,"gS8+f""(p,*gW0nHH",3544895440589653,121,Natividad Cirlos,5/12/1994
43,Barris,Cotta,Male,6/23/1960,Suite 93,CV11DY,537-712-6161,bcotta16@twitpic.com,iP1_E*/nt,5482540476125837,462,Barris Cotta,5/13/2020
44,Glad,Brislane,Female,3/5/1994,PO Box 99447,CV17EQ,871-608-2104,gbrislane17@reference.com,lG5.#SVF,3534313199446416,848,Glad Brislane,9/27/2030
45,Ray,Groucutt,Male,9/2/1961,7th Floor,CV11DD,392-707-7936,rgroucutt18@bravesites.com,nZ6&1Cq=5xbez46,3586500266805857,896,Ray Groucutt,6/16/1978
46,Waldon,Baumert,Male,9/8/1952,Suite 37,CV11EJ,471-944-1604,wbaumert19@usgs.gov,yT3=0#v`*oud0Q,6759050331902044,908,Waldon Baumert,1/15/2031
47,Barbabra,Glavias,Female,11/7/1951,Suite 74,CV11EE,259-573-8086,bglavias1a@csmonitor.com,xE0@*BWa@NPk,4017952127304439,976,Barbabra Glavias,6/1/1957
48,Nikki,Bernat,Genderqueer,6/28/1979,Suite 66,CV17EQ,227-718-9960,nbernat1b@gravatar.com,lF9<}&t5,5020048827615271338,189,Nikki Bernat,4/14/2021
49,Whitaker,Hazzard,Male,8/15/2000,14th Floor,CV11FD,775-810-8347,whazzard1c@privacy.gov.au,"iC0(NxdT5""t4JR",3583845840385220,308,Whitaker Hazzard,12/5/2017
50,Woodrow,Cowdrey,Male,7/15/1967,Room 708,CV11ET,607-126-1868,wcowdrey1d@prweb.com,mX6('s$&`UD_d=,6767030858406554884,855,Woodrow Cowdrey,4/12/1999
51,Jasun,Arrigo,Male,12/1/1970,Apt 739,CV11EA,220-103-6586,jarrigo1e@sciencedirect.com,nL1+2$0%HSVcJ0,5100143909713659,444,Jasun Arrigo,11/11/2009
52,Berenice,Bodd,Female,6/26/1999,PO Box 9971,CV11DE,968-217-0909,bbodd1f@liveinternet.ru,lN9#{@}a'%hUL,5048375315750546,348,Berenice Bodd,12/26/2025
53,Gage,Sergeaunt,Male,7/2/1985,PO Box 85766,CV11DY,160-706-9705,gsergeaunt1g@wikimedia.org,pU8/X/aWX,3564224863501597,225,Gage Sergeaunt,3/1/1986
54,Shelli,Fould,Female,12/19/1972,PO Box 30666,CV11FD,886-911-8173,sfould1h@lycos.com,uZ5_B{!zaXt\Oe1,3557778265192395,555,Shelli Fould,10/9/1953
55,Elva,Trice,Female,6/14/2001,Room 609,CV11AQ,655-958-4997,etrice1i@github.com,xB4)k7\/y}e,374283850824004,701,Elva Trice,11/20/1993
56,Rufus,Shorey,Male,8/11/1995,1st Floor,CV11DN,171-833-9382,rshorey1j@booking.com,tI5+{)9amlBZJqr,3556258122222819,696,Rufus Shorey,6/3/1990
57,Will,Cornilli,Male,9/7/1959,PO Box 89322,CV11AL,252-883-5397,wcornilli1k@hhs.gov,zJ0/xo8k{wkn*6,3546219968334681,653,Will Cornilli,5/9/1992
58,Galina,McGilleghole,Female,8/29/1951,PO Box 58503,CV11EE,574-721-6151,gmcgilleghole1l@house.gov,cY4'*&?Us$otTeQ,3546619166009300,308,Galina McGilleghole,12/25/1968
59,Dorie,Carlo,Genderqueer,11/2/1955,Suite 2,CV11AL,301-901-0607,dcarlo1m@friendfeed.com,lH4_W3&2Z+e&,3565049993657491,013,Dorie Carlo,7/9/1957
60,Gradeigh,Daniell,Male,6/7/1980,Apt 1655,CV11EU,423-767-2900,gdaniell1n@addtoany.com,hS0~Z0&2gR,56022219452653233,354,Gradeigh Daniell,3/21/2004
61,Keene,Crackel,Male,3/19/1992,Room 1340,CV11FD,507-234-3371,kcrackel1o@sfgate.com,"qF6{PjI%r=wL>_,B",3528785117297609,748,Keene Crackel,11/8/2004
62,Elijah,Forsythe,Male,3/19/1967,Suite 43,CV11AJ,261-551-4857,eforsythe1p@spiegel.de,vN4<Gq=T%@Ba,3563160700811842,643,Elijah Forsythe,6/1/2030
63,Marius,Bodd,Male,6/21/1972,Apt 480,CV11DF,910-787-0961,mbodd1q@adobe.com,"qW8/_""`G99x@uh",372301196956678,181,Marius Bodd,8/29/2029
64,Basia,Lardez,Female,7/19/1986,Apt 143,CV11DG,727-944-3742,blardez1r@myspace.com,dA6>ARO6Z{xgCW,374622816541568,178,Basia Lardez,12/14/1991
65,Friedrick,Gonthard,Male,8/17/1997,Suite 84,CV11FE,948-577-6556,fgonthard1s@uol.com.br,pM8>OHj03?}\{5X,6391101135293884,052,Friedrick Gonthard,5/4/1977
66,Nanon,Teeney,Genderqueer,4/25/1994,Room 1769,CV11DG,785-692-2593,nteeney1t@cocolog-nifty.com,kK8}#\l!U4#gDx,3557158730701288,989,Nanon Teeney,10/13/2003
67,Esmaria,Maudson,Genderfluid,8/28/1995,9th Floor,CV11EY,598-296-2005,emaudson1u@loc.gov,eX7@H{J5,3579915212056679,722,Esmaria Maudson,11/7/2009
68,Vida,Crockett,Genderqueer,8/8/1965,Room 279,CV11AH,997-293-9480,vcrockett1v@pinterest.com,"hK0{hf}m,B",3589340855243468,121,Vida Crockett,10/28/1955
69,Candra,Lennox,Female,4/19/1963,12th Floor,CV11FD,284-238-8717,clennox1w@parallels.com,kF2(l&ae}48M<wU,5641822938101471939,973,Candra Lennox,2/1/1964
70,Kellsie,Hallatt,Female,2/4/1976,Suite 1,CV11AQ,606-405-3332,khallatt1x@msn.com,vG9~N{3y0,3588459638686164,577,Kellsie Hallatt,3/7/2024
71,Ashlin,Ickov,Male,4/10/1999,Apt 895,CV11EX,658-664-2244,aickov1y@arizona.edu,"kL6*8vo""'dc?q\",3541855273150422,808,Ashlin Ickov,10/23/1989
72,Kory,Wyllt,Male,9/26/1973,Room 1568,CV12JE,255-734-1185,kwyllt1z@sitemeter.com,yQ0/>_q#tQ,3553474571277260,500,Kory Wyllt,3/3/2010
73,Elana,Trulocke,Female,4/21/1986,7th Floor,CV11DL,584-812-5477,etrulocke20@google.ca,cF1))#vQ~.,3570586359720895,856,Elana Trulocke,9/6/1953
74,Noll,Munton,Male,9/29/1952,Apt 1865,CV11AR,915-585-9345,nmunton21@discovery.com,qQ8@l8qc=a3\,3550378698172218,850,Noll Munton,8/10/1976
75,Bent,Giamitti,Male,11/30/2000,Apt 1725,CV11DF,686-540-9159,bgiamitti22@yellowbook.com,"nH7=D~'PTx9,be",3577563051182065,044,Bent Giamitti,5/18/1986
76,Grantham,Harmstone,Male,3/31/1980,Room 299,CV11AP,279-193-4870,gharmstone23@cloudflare.com,"xH6\CoOA=dpY""",372301768702047,277,Grantham Harmstone,7/31/2017
77,Wang,Koenen,Male,4/17/1963,Room 1099,CV11DF,722-282-1464,wkoenen24@tinyurl.com,"wD1(bo2rg""O`t*d",56022167525576818,188,Wang Koenen,1/22/1953
78,Davy,Bondesen,Male,2/4/1986,PO Box 51647,CV11DN,916-207-7911,dbondesen25@hp.com,gP5=X<iE,3567161008573833,852,Davy Bondesen,12/3/2030
79,Jedidiah,Haffenden,Male,5/15/1972,Room 20,CV11EA,336-925-8803,jhaffenden26@studiopress.com,cJ2/+XccV,3568943358875739,865,Jedidiah Haffenden,6/26/1985
80,Nada,Adrian,Female,8/26/1952,PO Box 4483, CV11FL,460-955-3827,nadrian27@loc.gov,xJ3\r>uTfZ~,3581900266624800,359,Nada Adrian,2/19/1989
81,Alia,Twells,Female,3/23/1959,Suite 62,CV11FD,721-514-6888,atwells28@cyberchimps.com,sR1}m/S.36&Uc`)e,5100172680240285,176,Alia Twells,8/3/1997
82,Karissa,Nobbs,Female,6/23/1953,12th Floor,CV11AH,998-108-4394,knobbs29@t.co,"pH3\""%m2nL",3550964635286367,620,Karissa Nobbs,10/22/1970
83,Octavia,Carrivick,Female,10/10/1963,17th Floor,CV11DX,807-184-3175,ocarrivick2a@mozilla.com,xG2|b>V2Pi%y{(P,4905797281198589,896,Octavia Carrivick,1/14/2017
84,Mano,Aggott,Male,7/4/1961,Room 393,CV11EY,292-957-5841,maggott2b@dailymotion.com,vX2$58Yg/1kOk+,374288472882298,450,Mano Aggott,6/30/1974
85,Reade,Gadeaux,Male,8/4/1997,Room 1713,CV11EJ,680-698-7958,rgadeaux2c@pagesperso-orange.fr,"fJ3@Z}1.m""Sv",5602245427707924,445,Reade Gadeaux,10/4/1964
86,Cchaddie,Alvarez,Male,10/20/1953,PO Box 77962,CV11EA,353-223-2339,calvarez2d@pbs.org,eJ9%=>zRq,3536116994595800,592,Cchaddie Alvarez,7/8/1976
87,Gram,Turmall,Male,11/20/1974,11th Floor,CV11FE,446-536-6895,gturmall2e@dailymail.co.uk,dJ5.c+Uu*v{n,5240806361983629,883,Gram Turmall,3/12/1971
88,Sandy,Humes,Female,11/3/1991,Room 1574,CV11DE,828-561-1657,shumes2f@slate.com,rN5$xg#@YjZe,3543138393003815,913,Sandy Humes,11/17/1962
89,Genni,Bowden,Female,11/24/1982,5th Floor,CV11FJ,789-812-4060,gbowden2g@ox.ac.uk,yJ9\Y\#Pgs\ZBl,3582724219583296,298,Genni Bowden,6/1/2030
90,Amelina,Blewitt,Female,1/24/1989,6th Floor,CV11EY,878-939-5668,ablewitt2h@howstuffworks.com,kR3?FmZy7D8,201796357627389,771,Amelina Blewitt,7/13/1982
91,Sacha,Sedgebeer,Female,3/14/1956,PO Box 41603,CV11FE,174-201-3617,ssedgebeer2i@slashdot.org,rB1$}OJ5*#Lvrs.|,5602233756625938240,314,Sacha Sedgebeer,10/28/2007
92,Sascha,Feeham,Male,10/9/1998,PO Box 43249,CV11DG,317-561-4411,sfeeham2j@opensource.org,tZ2~&>0C#,4844408345905910,283,Sascha Feeham,9/19/2002
93,Eldon,Priestnall,Male,9/22/1979,Apt 1100,CV11AN,234-779-6981,epriestnall2k@house.gov,"qO1""(D3E.l",06042193506056324,447,Eldon Priestnall,6/15/2011
94,Kissie,Elliff,Female,10/5/1961,Apt 1433,CV11DD,364-319-5975,kelliff2l@census.gov,tE1>j=_A/k_?rP,6763567960885839602,034,Kissie Elliff,6/25/2019
95,Jesse,Gergolet,Male,3/19/2002,Suite 9,CV11AR,868-621-7009,jgergolet2m@adobe.com,nW4{/&hE{t~,4917602055017856,836,Jesse Gergolet,6/16/2004
96,Dorette,MacKaig,Female,4/27/1955,PO Box 19664,CV11AN,859-870-2047,dmackaig2n@newsvine.com,fI1)uIe3H`,3542611097620275,579,Dorette MacKaig,1/12/1985
97,Tabbie,Chapell,Female,4/3/1995,Apt 1206,CV11EA,902-173-5069,tchapell2o@github.com,sM9(rWRbs,3565072702199183,514,Tabbie Chapell,10/7/1999
98,Cyrus,Cheer,Male,3/12/1967,13th Floor, CV11FL,184-845-8040,ccheer2p@foxnews.com,eN5/ej4(d$H,5641821997973776263,709,Cyrus Cheer,2/14/2033
99,Joana,Buttrey,Female,4/8/1961,PO Box 18922,CV12JE,477-728-3982,jbuttrey2q@pen.io,"yV0)<|UQy4dHjG(,",3586943686253771,494,Joana Buttrey,4/4/1959
100,Hamilton,Kivell,Male,11/23/1982,Room 1884,CV11AP,718-831-2453,hkivell2r@hibu.com,dW4<?=O\v,3580629761689692,132,Hamilton Kivell,11/6/1985
101,Kayle,O'Sesnane,Female,12/31/1958,2nd Floor,CV11DX,800-245-7230,kosesnane2s@ameblo.jp,"kC4""Q`+OIr!F!",5602214053028112,839,Kayle O'Sesnane,11/27/1964
102,Odey,McGrah,Male,10/9/1980,PO Box 30198,CV11FE,912-332-1053,omcgrah2t@g.co,aD3=h+%(FWs!+,3576896915937188,255,Odey McGrah,11/5/1987
103,Sophronia,Dawdary,Female,8/1/1966,Room 835,CV11DG,808-904-2230,sdawdary2u@drupal.org,uW0/Z)BOg'b,3534540582734087,770,Sophronia Dawdary,10/21/2032
104,Graehme,Dumpleton,Male,7/10/1966,Suite 26,CV17EQ,623-158-3206,gdumpleton2v@blogspot.com,"jS1(mDff""",676759612973886775,403,Graehme Dumpleton,6/6/2033
105,Ramonda,Darlaston,Female,9/24/1992,Room 376,CV11AN,897-630-2334,rdarlaston2w@diigo.com,oY5*U}8PVMN},5610359267199744,124,Ramonda Darlaston,12/18/1965
106,Yank,Lorente,Male,9/14/1987,2nd Floor,CV11DL,778-712-1499,ylorente2x@youtu.be,rO9~iN3J{,374283714846359,997,Yank Lorente,6/12/2026
107,Dalia,Sowerbutts,Female,8/15/1995,Room 51,CV11EY,949-338-1277,dsowerbutts2y@list-manage.com,"nA8(G$qGs""UY*",201902822253377,781,Dalia Sowerbutts,8/11/2003
108,Jeffy,Karle,Male,7/30/1970,Room 408,CV11DY,540-805-7239,jkarle2z@nifty.com,"lV9#5""qa=9c+R""",3580092616388863,823,Jeffy Karle,2/2/1994
109,Lacee,Viles,Female,7/24/1977,Suite 91,CV11FE,600-365-0819,lviles30@ft.com,"tV7"",9ddQDvD#v",4917766989463427,127,Lacee Viles,6/17/2020
110,Cristal,Humbee,Female,3/12/1983,PO Box 46525,CV11AP,864-854-9043,chumbee31@usda.gov,zZ0'La8t,5114242693226938,537,Cristal Humbee,10/14/1999
111,Meara,Swatridge,Female,10/21/1958,6th Floor,CV11EU,863-319-2548,mswatridge32@tripod.com,bV2&`n32fwIa,6334996968709912506,010,Meara Swatridge,6/2/1980
112,Noni,Guppy,Female,5/10/1997,PO Box 30251,CV11AP,475-936-1991,nguppy33@psu.edu,cP8?fpjSqrY$gMj',3575114839113345,161,Noni Guppy,4/18/1968
113,Vinny,Kubczak,Female,3/30/1999,Apt 391,CV11DF,115-172-1842,vkubczak34@google.fr,wC1&8!$h*Y3W}}Gd,6333821089753291664,787,Vinny Kubczak,8/17/2003
114,Mile,Abadam,Male,5/10/1988,Room 1768,CV11EU,346-531-9244,mabadam35@odnoklassniki.ru,yE9%P/W/,4026032631885238,082,Mile Abadam,9/12/1990
115,Eadmund,Haggar,Male,12/26/1997,14th Floor,CV11EY,899-386-9257,ehaggar36@alibaba.com,qF7#&<@d6nkW),3541838828974884,756,Eadmund Haggar,12/11/2021
116,Abby,Dranfield,Male,2/5/1951,PO Box 61253,CV11DE,331-759-4753,adranfield37@123-reg.co.uk,zG8*87s>,4911848349312720,774,Abby Dranfield,6/6/1958
117,Barthel,Dykas,Male,7/16/2002,Suite 81,CV11EY,215-114-5666,bdykas38@webs.com,"iG6,86?,lop)na",3579479946577880,974,Barthel Dykas,8/15/2009
118,Briano,Honig,Male,2/21/2002,Room 1000,CV11EJ,438-266-3020,bhonig39@com.com,rO6>c=UD,4405072257914319,033,Briano Honig,7/16/1996
119,Marcus,Springthorp,Male,10/11/1959,9th Floor,CV11DL,734-691-2198,mspringthorp3a@angelfire.com,vP3$z3b$M,337941237827026,977,Marcus Springthorp,2/15/2021
120,Marlowe,Daftor,Genderqueer,12/9/1964,Suite 23,CV11AL,753-995-1959,mdaftor3b@imageshack.us,xN3.l7gxoUS,201797465883013,911,Marlowe Daftor,9/1/1974
121,Trevor,Visco,Male,1/1/2003,Suite 31,CV11EA,679-839-0717,tvisco3c@macromedia.com,pS5)Tw?lG,3543934356906352,744,Trevor Visco,1/14/1969
122,Johnette,Parnham,Female,6/2/1986,PO Box 42317,CV11AR,360-685-0731,jparnham3d@ameblo.jp,"zR7.',sc7jVRj~",5048372486331768,448,Johnette Parnham,9/19/2004
123,Tedie,Oyley,Male,4/17/1995,Room 1188,CV11DL,901-870-0951,toyley3e@eventbrite.com,fR2%natH,3587182759588768,374,Tedie Oyley,10/7/1956
124,Carissa,Nurny,Female,5/3/1964,9th Floor,CV11DD,785-878-3537,cnurny3f@slate.com,rG8&an@*OV3PW\En,30099991899572,847,Carissa Nurny,1/22/1988
125,Glenn,Pratty,Agender,3/21/1965,Apt 441,CV11DX,936-129-1991,gpratty3g@epa.gov,gJ8{7KhB8,6331106834365902,433,Glenn Pratty,4/5/2002
126,Tiffie,Ritchard,Female,2/3/1968,5th Floor,CV11EJ,395-152-0777,tritchard3h@a8.net,vS1%g(b.fi9Zhh=e,3578095090567450,583,Tiffie Ritchard,12/23/2012
127,Wiatt,Berriball,Male,6/23/1973,PO Box 89247, CV11FN,374-542-3718,wberriball3i@github.io,dI8=7n+gSi$?vb,3538875849238985,057,Wiatt Berriball,7/28/2023
128,Chiquia,Anear,Female,9/23/1964,Room 1688,CV11FJ,306-528-6177,canear3j@cpanel.net,rJ4`?8?|,6399525637746910,537,Chiquia Anear,12/30/1954
129,Bertrand,Genty,Male,9/15/1983,Apt 321,CV11DD,295-581-4009,bgenty3k@trellian.com,"vW2=E<s?e""KU~x6.",3538518888249303,400,Bertrand Genty,11/15/2029
130,Steven,Dabinett,Male,7/1/1967,Suite 34, CV11FL,802-813-7744,sdabinett3l@spiegel.de,"yG5.BAf(PB""v?DJ",3573104766289939,107,Steven Dabinett,1/1/1952
131,Auberon,MacKomb,Male,9/24/1977,PO Box 68486,CV17EQ,689-949-1574,amackomb3m@salon.com,"dM5%QP/@1)MwQ,(e",378885759164294,810,Auberon MacKomb,4/29/2030
132,Neill,D'Costa,Male,12/7/1955,Suite 40,CV11DG,239-879-0916,ndcosta3n@harvard.edu,"dE5,4ACVP<%",4913711121794408,582,Neill D'Costa,3/20/1974
133,Jamal,Simonnot,Male,11/12/1960,Room 576,CV11DD,325-613-8100,jsimonnot3o@ehow.com,fC3.UG\EN`<q=L,3588429941060803,889,Jamal Simonnot,6/8/2007
134,Bruce,Daveley,Male,9/17/1952,4th Floor,CV11EX,318-888-5808,bdaveley3p@dagondesign.com,gD6~lu?<,3559281574530908,210,Bruce Daveley,10/10/2021
135,Bernice,Purcell,Female,3/2/1971,Apt 1796,CV11DG,111-365-6355,bpurcell3q@archive.org,sW6=A#%3,5602226974494330,535,Bernice Purcell,9/26/2022
136,Ashleigh,Hollebon,Female,3/27/1963,PO Box 83345,CV11FE,119-332-2778,ahollebon3r@engadget.com,"pE6,~O6v8fy+",3533114811794014,852,Ashleigh Hollebon,6/27/1988
137,Hurley,Gonthier,Polygender,8/19/1979,PO Box 89715,CV11DG,895-777-3045,hgonthier3s@tinyurl.com,"xT8)$pUu5S&~""",4175006089023236,473,Hurley Gonthier,9/18/1982
138,Jillana,Divall,Female,8/13/1981,9th Floor,CV11DF,901-296-1945,jdivall3t@issuu.com,uB9&X?)>~,3586140774082317,081,Jillana Divall,12/22/1981
139,Bebe,Watkins,Female,11/9/2001,Room 1505,CV11AL,492-315-8945,bwatkins3u@shutterfly.com,pZ8%}iL'\|>cG4,6709862170439297,993,Bebe Watkins,8/9/1958
140,Seana,Luard,Female,11/15/1969,Suite 43,CV11DF,127-916-3564,sluard3v@sina.com.cn,cJ0'ogvz,4405992931717178,624,Seana Luard,3/24/1984
141,Teador,Larkin,Male,7/3/1989,1st Floor,CV11DY,960-520-3857,tlarkin3w@rambler.ru,bK7_(zb/6,3579053766706992,828,Teador Larkin,9/12/1996
142,Wilden,Pavinese,Male,4/15/1950,PO Box 82017,CV11DF,966-828-8502,wpavinese3x@privacy.gov.au,cL8<blB\yQi\,3540073585891771,106,Wilden Pavinese,5/31/1995
143,Dennet,Basketter,Male,3/3/1981,Apt 374,CV11EJ,836-393-2347,dbasketter3y@merriam-webster.com,hF4\aVmGY,372301506104860,205,Dennet Basketter,8/20/2029
144,Julianna,Allebone,Female,9/2/1955,Suite 16,CV11DX,535-212-3163,jallebone3z@dropbox.com,dR0.+&=n,5602240556866302,392,Julianna Allebone,7/27/1957
145,Glyn,Riggs,Male,6/16/1967,7th Floor,CV11DS,162-247-2738,griggs40@vkontakte.ru,"nJ7?{""2R!!",3584912734996162,402,Glyn Riggs,7/15/1992
146,Ursulina,Mathevet,Female,9/30/1977,9th Floor, CV11FN,689-369-9982,umathevet41@theglobeandmail.com,aV3?beYh*FS\J_L.,3534737080460666,107,Ursulina Mathevet,1/29/2031
147,Isadora,Dawby,Female,3/1/1984,Room 1492,CV11EY,636-657-7752,idawby42@over-blog.com,"xN7!0lr50`*,!4zf",501883595079459432,667,Isadora Dawby,2/12/1997
148,Cash,De Mitri,Male,1/21/1991,Suite 82,CV11DE,840-926-8379,cde43@cbsnews.com,oB4>e|jr@b?P~,6331102061194229201,532,Cash De Mitri,9/9/2003
149,Lucretia,Boston,Female,10/4/1964,Room 1058,CV11DX,677-125-1150,lboston44@umn.edu,kG2'H9_fb@>fsS)7,3565141014955838,338,Lucretia Boston,9/3/2029
150,Bobby,Stanfield,Male,5/21/1969,Suite 76,CV11AQ,699-578-8276,bstanfield45@umich.edu,"bQ1""z>Bl?CC",3529256151177395,600,Bobby Stanfield,9/13/1974
151,Gabbie,Rennolds,Male,7/19/1991,PO Box 60636, CV11FL,565-256-1723,grennolds46@imgur.com,tR5>0rA@,3555569679658044,502,Gabbie Rennolds,8/24/1986
152,Rikki,Poltun,Male,8/15/1968,PO Box 70005,CV11FJ,840-810-8844,rpoltun47@goo.gl,"tK4~8&jI,.%@#1",5587497919553535,522,Rikki Poltun,4/24/1974
153,Brandyn,Claige,Male,4/26/1986,Suite 57,CV11DY,220-519-8635,bclaige48@is.gd,"fV4!,YD64`u""",5002354570983146,724,Brandyn Claige,5/11/2025
154,Eduino,Boog,Male,5/14/1961,12th Floor,CV11DX,769-671-8880,eboog49@slate.com,kN5_|v87en\gh!KU,3582787299857849,717,Eduino Boog,9/11/1982
155,Claudianus,Hammerberger,Male,3/26/2003,Apt 270,CV11FD,136-951-3722,chammerberger4a@infoseek.co.jp,hJ6+pd3u,6709379510710907,762,Claudianus Hammerberger,10/30/1984
156,Clare,Pinyon,Male,4/29/1964,PO Box 47308, CV11FN,724-162-6736,cpinyon4b@odnoklassniki.ru,yK7?PiD@K{,3567893500412959,293,Clare Pinyon,7/31/2020
157,Judd,Vsanelli,Male,11/17/1977,Suite 77,CV11DL,709-522-0294,jvsanelli4c@bloglovin.com,oA0$CoSK,3549644961794390,079,Judd Vsanelli,4/4/2015
158,Ethelbert,Butt Gow,Male,11/2/1984,PO Box 92927,CV11EY,411-308-4339,ebutt4d@thetimes.co.uk,"wI0?rGC(,WG",5002357894669705,156,Ethelbert Butt Gow,7/9/1989
159,Dyan,Housam,Female,1/23/2000,9th Floor,CV11AP,179-502-0660,dhousam4e@va.gov,vL1`tGx!F%l!,3533478493921579,307,Dyan Housam,12/26/1974
160,Moria,Blanning,Female,5/2/2001,14th Floor, CV11FL,693-671-9849,mblanning4f@opensource.org,kF3>ZO0H,564182611052562518,471,Moria Blanning,12/26/2013
161,Hugh,Dainty,Male,8/9/1960,16th Floor,CV11DE,370-865-8909,hdainty4g@xrea.com,"xO1}_?#""cz8a",5002358958442765,301,Hugh Dainty,3/15/2017
162,Emma,Castanho,Female,12/18/1980,PO Box 41055,CV11AP,303-445-0080,ecastanho4h@yolasite.com,pU4+.m=WYk,5599873995802093,783,Emma Castanho,5/29/2025
163,Derrick,Stopp,Male,10/19/1996,Room 1642,CV11AH,648-177-2973,dstopp4i@networksolutions.com,"aQ2$CDfwnY,\z",6759341189492661,941,Derrick Stopp,10/23/2019
164,Kaylee,Stearne,Female,1/21/1957,Room 1700,CV11DD,212-962-2647,kstearne4j@amazon.de,"rA9!#P}$C|<_&9,",4911544763812465,575,Kaylee Stearne,12/27/1963
165,Ophelie,Watting,Genderqueer,1/29/1986,1st Floor,CV11EA,657-339-0527,owatting4k@cbsnews.com,rJ0`qg=?qf},3536545969967638,639,Ophelie Watting,1/30/2014
166,Courtney,Beveridge,Male,9/21/1966,Apt 1450,CV11DS,202-462-8273,cbeveridge4l@kickstarter.com,"gJ5""}X>.cu",6767109837242209982,259,Courtney Beveridge,2/12/1973
167,Marve,Gronow,Male,7/14/1995,Suite 96,CV17EQ,708-344-7986,mgronow4m@alibaba.com,"cT8""y""lL",3538243021612651,600,Marve Gronow,9/11/1983
168,Nikki,Kincaid,Female,7/31/1984,PO Box 66216,CV11AQ,471-458-2195,nkincaid4n@telegraph.co.uk,cV8``M75WjA7W2,3543724308579948,517,Nikki Kincaid,2/25/1958
169,Jo-anne,Summerrell,Female,10/11/1981,17th Floor,CV11AJ,307-786-8070,jsummerrell4o@arstechnica.com,"hD3,?9j4BN_c_z",3568773981017502,503,Jo-anne Summerrell,4/24/1965
170,Sim,Woolnough,Male,5/16/1973,Room 1256,CV11DL,146-689-9839,swoolnough4p@zimbio.com,qG2$aYeo}y,30385889156609,589,Sim Woolnough,8/31/2021
171,Jessee,Benko,Male,11/4/1996,Apt 93,CV11AL,362-806-6684,jbenko4q@auda.org.au,"tD9./R<SY8cyw""",5602235803503787279,202,Jessee Benko,7/8/2006
172,Batholomew,Roger,Male,4/13/1998,Suite 82,CV11DS,765-561-3846,broger4r@answers.com,sW2%8GWmiT,3582159619729621,036,Batholomew Roger,9/3/1951
173,Doy,Dannett,Male,5/29/1995,PO Box 57128,CV11AP,239-367-8869,ddannett4s@wikipedia.org,fP4@.xMV&RAE,30075873785873,680,Doy Dannett,9/13/2027
174,Modestine,Stelli,Female,6/22/1955,Suite 3,CV11EX,160-158-9776,mstelli4t@ebay.co.uk,qB1<Ok~q<}{U%,633316011968129316,400,Modestine Stelli,10/20/2017
175,Adolf,Frary,Male,7/20/1990,PO Box 21477,CV11EJ,331-886-4237,afrary4u@smh.com.au,xS6\a2{cn1&>y,373236903728037,150,Adolf Frary,11/9/1985
176,Werner,Aartsen,Male,9/14/1994,Suite 34, CV11FN,731-503-8927,waartsen4v@yahoo.co.jp,gB4&8I1J\la|,3573109860145648,833,Werner Aartsen,5/18/2020
177,Casie,Fellis,Female,12/2/1990,Suite 53,CV11FE,263-656-6162,cfellis4w@mlb.com,"rB3',AZ2G",3585614787757926,229,Casie Fellis,10/7/1997
178,Beniamino,Beiderbeck,Male,12/1/1997,14th Floor,CV11AJ,110-499-6749,bbeiderbeck4x@cyberchimps.com,gM1!ElJWOkY,3531794637827452,688,Beniamino Beiderbeck,12/1/1964
179,Basil,Antuk,Male,5/25/1968,Apt 1905,CV11EU,869-614-9804,bantuk4y@shutterfly.com,yT0/FI_Bi,201713313727682,242,Basil Antuk,6/27/1963
180,Mercie,Loades,Female,7/27/1993,Suite 94,CV11EJ,369-336-5382,mloades4z@wix.com,xX8?aJ0$S{,5007660117871312,015,Mercie Loades,5/8/2033
181,Kristofer,Braine,Male,1/25/1960,5th Floor,CV17EQ,157-679-6997,kbraine50@omniture.com,"iS9>tJN""",201885594832199,506,Kristofer Braine,4/8/1983
182,Gifford,Buttery,Male,12/21/1982,Apt 60,CV11FD,991-127-1169,gbuttery51@trellian.com,"kX7?""sT!`",36931052082728,678,Gifford Buttery,4/22/1966
183,Elizabeth,Giorgiutti,Female,6/30/1988,PO Box 76379,CV11DD,626-896-7466,egiorgiutti52@phpbb.com,wH4(qW6b@awj,3557564922755067,144,Elizabeth Giorgiutti,5/25/2014
184,Newton,Devorill,Male,12/19/1987,Room 865,CV11FD,958-765-0838,ndevorill53@wordpress.com,iG9~ZnmbygwRHoXo,374622900388181,862,Newton Devorill,3/16/2003
185,Si,Petrolli,Genderfluid,12/15/1998,Room 1845,CV17EQ,223-716-1191,spetrolli54@whitehouse.gov,sG0$>s6lOrnu,6334350041529036,490,Si Petrolli,10/15/1967
186,Neils,Liddell,Male,8/31/1986,Apt 1352,CV11DE,776-833-9968,nliddell55@go.com,uO9?=2DQG$oz3A,56022228776851944,049,Neils Liddell,11/23/2023
187,Papageno,Nevet,Male,5/26/1983,Apt 1008,CV11AQ,592-584-3006,pnevet56@cmu.edu,dV6\+lMLc\OsJpC,3552583317916618,894,Papageno Nevet,12/20/1985
188,Lotta,Kopec,Female,10/22/2000,Suite 38,CV11AN,554-155-4659,lkopec57@springer.com,aE9_?bpf'Cjxz=fK,345317317530998,530,Lotta Kopec,12/12/1968
189,Jami,Menilove,Female,2/21/1970,PO Box 12966,CV11DF,713-216-1071,jmenilove58@arizona.edu,dM0!ud*C&~drPoc,201901293756405,487,Jami Menilove,3/29/2010
190,Mac,Spurdens,Agender,5/5/1953,Apt 638,CV11DE,122-376-5781,mspurdens59@histats.com,cO4_d0iUf,3568742630030620,665,Mac Spurdens,4/13/1957
191,Hestia,Pallent,Female,1/30/1954,2nd Floor,CV11ET,804-847-0806,hpallent5a@house.gov,xU0.w)O7u1NGhU6,3562264871421539,147,Hestia Pallent,12/23/2012
192,Flint,Seif,Male,12/7/1988,Apt 971,CV11FJ,842-429-0437,fseif5b@aol.com,"nZ1""Sb*10x",5602234362450385,468,Flint Seif,6/5/1998
193,Rhonda,Castiglio,Female,7/5/1976,Suite 100,CV11EY,666-421-6345,rcastiglio5c@sun.com,zX1{}ajoS$,5602229347309243,343,Rhonda Castiglio,7/17/2032
194,Candide,Ringrose,Female,4/1/1984,PO Box 55870,CV11FJ,193-309-5747,cringrose5d@tmall.com,"vJ7,=gy~qb|t'34",5578428956645778,737,Candide Ringrose,4/14/2000
195,Carol-jean,Geal,Female,9/7/1971,Suite 89,CV11EE,391-576-4705,cgeal5e@google.de,sK5{1XS<ygNnnzBe,3551334209593581,554,Carol-jean Geal,4/5/2027
196,Lanni,Cumberpatch,Female,11/22/1951,Suite 86, CV11FL,201-353-5090,lcumberpatch5f@typepad.com,aK2|@7Nk3j1K,201410734541665,405,Lanni Cumberpatch,7/4/2008
197,Ginnie,MacNeely,Female,6/28/1969,Apt 824,CV11DS,403-859-4408,gmacneely5g@boston.com,pN9<P6AG@1U\rX,4911769184922333296,286,Ginnie MacNeely,4/29/2009
198,Wilbur,Mildenhall,Male,7/13/1988,3rd Floor,CV11EU,638-484-2024,wmildenhall5h@zdnet.com,jZ3~5.n&{~icwAl<,5100140145313203,004,Wilbur Mildenhall,11/25/1962
199,Dominica,Wollaston,Female,8/6/1998,Suite 22,CV11EY,784-713-4259,dwollaston5i@sourceforge.net,dZ1&)2?$M8Yun,3530351453274789,798,Dominica Wollaston,1/26/2017
200,Amory,Borgnol,Male,7/31/2001,Suite 15,CV11AP,968-174-2495,aborgnol5j@google.cn,tX0/e$e+=(_(,561040720543141374,516,Amory Borgnol,4/15/1991
201,Elmira,Pendre,Female,11/8/1973,PO Box 30098,CV11EX,873-115-4244,ependre5k@plala.or.jp,lS4#xLPdN,5602238745306636,596,Elmira Pendre,8/12/1963
202,Chandra,Gregorio,Female,1/31/1962,Apt 865,CV11FD,452-785-1557,cgregorio5l@xing.com,vX5/e=+<W*Ek8*,3530013751964251,563,Chandra Gregorio,6/27/2021
203,Tamar,McKendry,Female,4/13/1970,Apt 798,CV11DL,626-255-7471,tmckendry5m@last.fm,aL6'v*1&opt4,3555717606233320,390,Tamar McKendry,12/5/2021
204,Curr,Boik,Genderfluid,3/14/1950,Suite 11,CV11FD,414-410-6722,cboik5n@fastcompany.com,hM9>BvQP\7pq'Gp,3568807239771146,949,Curr Boik,5/15/1973
205,Abey,Pinnington,Male,10/21/1998,Apt 1828,CV11AL,223-453-4635,apinnington5o@spotify.com,bS6@?&cA,50202765077723319,848,Abey Pinnington,1/4/2024
206,Leigh,Strachan,Male,8/21/1975,11th Floor,CV11EU,728-168-1947,lstrachan5p@bluehost.com,"qY1+""0hIM`dx>x2",5610953013995288,753,Leigh Strachan,3/17/2000
207,Pia,Budget,Female,1/3/1999,PO Box 29635,CV11AL,884-285-7414,pbudget5q@google.co.jp,"hG8.wBXIw'3,~iDn",4844140527904409,740,Pia Budget,8/13/1977
208,Cicely,Whimpenny,Female,5/29/1982,Room 915,CV11AN,183-975-1512,cwhimpenny5r@netvibes.com,cD1_kf?8B,5610418433460570013,173,Cicely Whimpenny,9/10/1995
209,Beth,Ginnelly,Polygender,9/7/1993,Room 1595,CV11AQ,943-824-7658,bginnelly5s@wikipedia.org,rR2(z|5LY1W+,5248547727815285,313,Beth Ginnelly,4/18/1974
210,Colver,Northbridge,Male,6/25/1957,Suite 10,CV11EU,739-217-5118,cnorthbridge5t@latimes.com,aF3$H7u0,4175006116449768,902,Colver Northbridge,5/13/2016
211,Jehanna,Bloxham,Female,3/16/1974,PO Box 57342,CV11EE,490-651-5504,jbloxham5u@php.net,fA2|iBFJ,3570168044720497,242,Jehanna Bloxham,6/28/1960
212,Franky,Rohan,Agender,10/15/1970,Room 1650,CV11DS,883-661-1284,frohan5v@hud.gov,gM6`\HXZ<s6<INW,5432974937384082,071,Franky Rohan,5/19/2002
213,Chet,Prophet,Male,6/19/1974,Apt 1846,CV11DN,913-776-2450,cprophet5w@joomla.org,aE5{\{4O,3549595497475625,591,Chet Prophet,10/9/2008
214,Rodrick,Le Cornu,Male,2/18/1985,Apt 273,CV12JE,864-152-7943,rle5x@shutterfly.com,tH1$Ad.#'0,3553127999766849,313,Rodrick Le Cornu,5/3/2020
215,Helaina,Coper,Female,8/12/1986,Apt 1580,CV11AQ,246-736-5744,hcoper5y@wikipedia.org,uB9?$`I_`9,5100175988814354,133,Helaina Coper,3/27/2018
216,Carrol,Scalera,Male,10/12/1999,Apt 1402,CV11DL,742-213-9387,cscalera5z@last.fm,wO9/Zk{Y|,3568213760845658,250,Carrol Scalera,7/3/2026
217,Berti,Reyner,Female,8/21/1965,Apt 646,CV11DS,356-954-9394,breyner60@mapquest.com,dZ2~<m4>,6761448920735554727,330,Berti Reyner,12/27/1961
218,Perice,Negal,Male,6/28/1990,Room 1677,CV11AH,510-837-1261,pnegal61@weebly.com,qX9>/_D',201855160811927,463,Perice Negal,8/5/1984
219,Kele,Orkney,Male,9/9/1950,Apt 749,CV11DF,573-342-0587,korkney62@yelp.com,pB2#320CiRsQY&Fi,30526489290815,574,Kele Orkney,8/4/1999
220,Minerva,Falvey,Female,8/5/1981,5th Floor,CV11EE,313-948-4677,mfalvey63@ocn.ne.jp,"hY0""N\5{5Opq*",3532289947850277,798,Minerva Falvey,5/12/1989
221,Millicent,Hoolaghan,Female,11/16/1982,Apt 1587,CV11AJ,939-206-8326,mhoolaghan64@google.es,"nP4\z!=\hDv,Wn",3569397728900793,394,Millicent Hoolaghan,9/19/1999
222,Brnaby,Di Maggio,Bigender,9/22/1950,20th Floor,CV11FJ,334-616-2784,bdi65@utexas.edu,pR6!H=5nx,3561779099476834,913,Brnaby Di Maggio,7/27/2012
223,Catriona,Saturley,Female,9/14/1963,11th Floor,CV11FJ,455-215-4385,csaturley66@businessweek.com,xJ6>Md?Q,201449556249940,070,Catriona Saturley,5/27/2028
224,Kayla,Wills,Female,8/29/1954,Apt 185,CV11DD,415-467-6375,kwills67@prweb.com,fK9._&r{}}5rv`3q,3556930190468702,442,Kayla Wills,11/1/1969
225,Alfonso,Livoir,Male,5/30/1984,Suite 79,CV11DD,329-889-0442,alivoir68@sfgate.com,vV4<U?2lnBJ9T<i~,3535726715747042,251,Alfonso Livoir,10/7/1975
226,Sherlock,Sherebrooke,Male,5/29/1984,Room 114,CV11EE,380-223-4961,ssherebrooke69@goodreads.com,aB6_AB|md/r~Sm,5165696412984127,346,Sherlock Sherebrooke,10/26/1998
227,Olympe,Haslock,Female,1/11/1993,Room 394,CV11DN,942-899-0379,ohaslock6a@mozilla.com,aX8@s1|w$o,201700634510350,589,Olympe Haslock,9/10/1965
228,Chelsae,Lepere,Female,8/18/1985,Apt 727,CV11DL,680-623-6535,clepere6b@skype.com,tP1@}sc<J!e!|,50200822937286284,777,Chelsae Lepere,6/24/1997
229,Angel,Itzcak,Female,7/30/1962,Apt 259,CV11EA,756-646-6440,aitzcak6c@drupal.org,fS6!1a(xp14wlo,201900320412966,585,Angel Itzcak,7/28/2000
230,Nathalie,Cassam,Female,4/30/1981,PO Box 86558,CV11AN,340-923-8965,ncassam6d@howstuffworks.com,eV1$&@3T1O$eb~D,3556418040465532,604,Nathalie Cassam,3/31/2000
231,Travus,Marousek,Male,3/21/1997,Apt 901,CV11FJ,697-967-0942,tmarousek6e@pbs.org,oU8<LytKZ,4917359727716510,870,Travus Marousek,11/4/1983
232,Sherlock,Douglass,Male,5/11/1958,Suite 86,CV11AR,653-793-0932,sdouglass6f@biblegateway.com,vP7~Dw$J{lU9}7,4017957105726826,187,Sherlock Douglass,4/30/1976
233,Cobb,Huniwall,Male,1/13/1981,PO Box 99329,CV11DF,766-706-4107,chuniwall6g@g.co,pN1%D@tP_i6AX7=,3566395108423702,652,Cobb Huniwall,8/28/1957
234,Basia,Belcham,Female,5/18/1999,Apt 1156,CV11DS,544-575-7303,bbelcham6h@noaa.gov,xS9>/)au9g,201605471299563,520,Basia Belcham,8/12/1966
235,Igor,Pastor,Male,2/14/1998,14th Floor,CV11DE,509-664-9573,ipastor6i@google.ca,jY5/)v!<b>,560224898626577357,971,Igor Pastor,8/4/2004
236,Tammi,Bolle,Female,9/12/1956,Apt 1294,CV11FD,687-326-0482,tbolle6j@unblog.fr,aW8'=gz{,3553964358663302,158,Tammi Bolle,9/18/2008
237,Ladonna,Scragg,Female,5/12/2002,1st Floor,CV11ET,839-994-8289,lscragg6k@ihg.com,"dK2,OYFH8)",3585706527659923,130,Ladonna Scragg,2/21/2030
238,Xena,Wane,Female,9/30/1989,Suite 9,CV11DN,564-550-1461,xwane6l@nba.com,oM4<D`WoHm#%',5002353543562128,611,Xena Wane,12/5/1973
239,Pamelina,Bunyan,Female,9/2/1995,Room 1921,CV11EE,583-411-0767,pbunyan6m@youtube.com,fP1`v25'FT7d,6762863368996381,324,Pamelina Bunyan,11/29/1956
240,Tobiah,Groucutt,Male,9/20/1957,14th Floor,CV11EA,823-323-6249,tgroucutt6n@google.com,hI6?$d'/,3567980425771997,677,Tobiah Groucutt,5/12/1994
241,Winslow,Glidder,Male,1/13/1958,18th Floor,CV11DE,613-180-5860,wglidder6o@webs.com,yT5!SM/D2,30571026780555,464,Winslow Glidder,4/29/2008
242,Guillermo,Kabisch,Male,7/30/1958,Apt 792,CV11AN,284-141-6169,gkabisch6p@google.it,yA1(|Zu_xqE6,201671613578181,053,Guillermo Kabisch,4/10/1983
243,Orion,Missenden,Male,8/27/1953,Apt 1063,CV11AH,381-756-2531,omissenden6q@netvibes.com,"xT6%J`""wWUh<D_Ql",30481889996977,380,Orion Missenden,4/1/1973
244,Clint,Luparti,Male,8/29/1998,Apt 803,CV11DX,994-529-7642,cluparti6r@gravatar.com,rN5<Sh+YhT*xz,3529243597897877,108,Clint Luparti,6/28/1960
245,Carolus,Red,Male,9/28/1976,PO Box 43550,CV11AR,994-446-8811,cred6s@exblog.jp,wX4|ZjxIs5fA`G,36319739055384,370,Carolus Red,8/3/2031
246,Mable,Heighton,Bigender,12/31/1964,Suite 25,CV11EU,224-736-4534,mheighton6t@diigo.com,bG5=|Een,30548866386909,348,Mable Heighton,3/13/1971
247,Francklin,Rawlence,Male,2/7/1952,18th Floor,CV11AL,285-959-7821,frawlence6u@twitter.com,zB9/=dne6,6380001940752905,180,Francklin Rawlence,2/19/1965
248,Celestine,Ogle,Female,5/14/1980,Room 1739,CV11EX,566-348-0584,cogle6v@wsj.com,oB6?*>~pyx,3540581123710451,863,Celestine Ogle,4/12/2001
249,Selig,Orrock,Male,10/22/1998,Suite 54,CV11DN,483-367-6025,sorrock6w@prweb.com,nG6.I`0A)/PxPiGr,3567667823496307,224,Selig Orrock,8/5/1952
250,Travers,Stiff,Male,10/13/1990,Apt 477,CV11AH,992-678-1166,tstiff6x@histats.com,"wU9,4gId7A",374283788785160,109,Travers Stiff,10/18/2003
251,Rubina,Burles,Non-binary,1/15/1972,13th Floor,CV11DY,397-111-9659,rburles6y@domainmarket.com,hF4~ISX>k3W<,374288092013589,690,Rubina Burles,6/5/2024
252,Stefano,Rolles,Male,7/24/1989,Suite 4,CV11EX,275-907-9207,srolles6z@patch.com,bW2_xl4>oRumR34,3585383265399425,680,Stefano Rolles,2/19/2031
253,Aleen,De Morena,Female,6/7/1960,PO Box 89939,CV11EU,431-159-8575,ade70@goo.ne.jp,"qU8/@""sH",3532962611174543,188,Aleen De Morena,5/4/1993
254,Sidney,Jindacek,Agender,6/23/1980,11th Floor,CV11DX,438-868-9067,sjindacek71@issuu.com,iC3(qYC.wSN.Ed41,67635318737331494,242,Sidney Jindacek,4/10/1982
255,Bertrando,Hedger,Male,12/31/2002,PO Box 38520,CV11DY,185-569-4243,bhedger72@buzzfeed.com,tT9|k?sohT4GGBp,4844485563952840,811,Bertrando Hedger,8/16/1976
256,Gerladina,Castro,Female,1/12/1952,Apt 1894,CV11AH,439-858-9222,gcastro73@marketwatch.com,"eQ8=tOS`,(OT<OUC",5556065820331676,148,Gerladina Castro,3/22/1979
257,Malanie,Davidescu,Female,9/30/1955,PO Box 16341,CV11FE,818-721-6325,mdavidescu74@usda.gov,gZ0!mC2PLy7T,3563734499664834,019,Malanie Davidescu,10/2/1960
258,Gardie,Rowlson,Male,4/10/1981,Apt 118,CV11FE,857-905-7024,growlson75@example.com,"oI7|,up{",6759405582930788073,606,Gardie Rowlson,3/17/2021
259,Sally,Christofor,Female,6/29/1967,Suite 66,CV11AN,960-634-7840,schristofor76@blinklist.com,zA7#'B&%5eW,5446668029839318,314,Sally Christofor,5/8/1981
260,Nadiya,Harrell,Female,6/18/1953,Apt 1325,CV11DY,343-887-8138,nharrell77@harvard.edu,"wV5%YG{7a""d&3'F=",5527581859200950,567,Nadiya Harrell,6/10/1977
261,Crin,Ames,Female,10/24/1975,7th Floor,CV11AQ,393-211-2602,cames78@parallels.com,uY9\0c6E_@S>,3532573457582101,421,Crin Ames,1/4/1993
262,Lenci,Millership,Male,10/19/1958,Room 1794,CV12JE,325-475-2064,lmillership79@hp.com,lS3_3#Tjenz,3534565441548345,955,Lenci Millership,5/19/2025
263,Nora,Allsopp,Genderfluid,9/29/1980,Apt 1461,CV11AH,646-513-4708,nallsopp7a@gov.uk,"xU4""<>ce",347478992095018,542,Nora Allsopp,4/19/2010
264,Teodor,Sheran,Male,1/31/1980,Room 905,CV11EJ,801-284-4875,tsheran7b@infoseek.co.jp,aB2@lTFM,3528723720729536,685,Teodor Sheran,12/8/1989
265,Claudio,Yegorchenkov,Male,3/22/1959,Suite 67,CV11ET,609-828-6802,cyegorchenkov7c@yale.edu,uG7?N2kosoEc6A,3540431451479263,296,Claudio Yegorchenkov,10/13/1995
266,Reider,Waker,Male,10/19/1960,Suite 50,CV17EQ,284-256-9704,rwaker7d@so-net.ne.jp,eI7.h)Q$5+~/<,560225387049371175,558,Reider Waker,1/5/1952
267,Codi,Jarrette,Male,9/29/2002,Apt 329,CV11DL,690-557-4918,cjarrette7e@amazonaws.com,"sL0)6V""K",3553697482049531,420,Codi Jarrette,12/16/1962
268,Ardella,Cozins,Female,7/5/1953,PO Box 75144,CV11ET,988-214-5013,acozins7f@chron.com,"rC0$mii""1&|C|",3585223345330992,766,Ardella Cozins,4/8/1954
269,Herc,Scheffler,Male,10/6/1974,Suite 92,CV11AL,942-362-0413,hscheffler7g@prlog.org,lQ6|.Qd9,560225658927527017,111,Herc Scheffler,8/18/1985
270,Jonell,Kohrt,Female,5/9/1966,Apt 1078,CV11DD,858-231-0079,jkohrt7h@ovh.net,zD8!<bQu0.,3578024716328816,934,Jonell Kohrt,1/27/1996
271,Torey,Christoffe,Female,4/9/1988,Apt 569,CV11DS,362-459-0736,tchristoffe7i@ebay.co.uk,"hC3`,c2#Ph'",3556472903375445,405,Torey Christoffe,5/6/1953
272,Zonnya,Fairlie,Female,10/5/1964,PO Box 80056,CV11AH,722-469-6996,zfairlie7j@jimdo.com,cD5_\N7jWe1@M,490366462012369156,643,Zonnya Fairlie,12/16/2017
273,Ripley,Netley,Male,11/29/1956,6th Floor,CV17EQ,563-790-0699,rnetley7k@taobao.com,bT6&tVGBHr*w$pUR,372301816237780,078,Ripley Netley,10/21/1952
274,Mariette,Escot,Female,11/29/1986,PO Box 28225,CV11AQ,103-433-9227,mescot7l@youtu.be,cV4`j1d6',4026953628329775,900,Mariette Escot,4/7/2023
275,Dolorita,Holdren,Female,12/2/1976,Apt 1058, CV11FL,673-380-5439,dholdren7m@biblegateway.com,"pI8\,YrI\,8=",0604132828273822,409,Dolorita Holdren,2/7/2002
276,Sammie,Hanshawe,Male,7/19/1960,Suite 44, CV11FL,824-154-4019,shanshawe7n@spiegel.de,"qH1$=?)0&JBr,UK",4905750863694293,708,Sammie Hanshawe,9/2/1956
277,Godiva,Gregore,Female,11/10/1973,Room 1336,CV11DS,516-153-1314,ggregore7o@arstechnica.com,sW2))_?>*,5602218034119130,618,Godiva Gregore,11/26/1974
278,Kermie,Mollett,Male,4/10/1992,Room 223,CV11EX,547-317-7800,kmollett7p@vk.com,sJ7{Y_p8TM$.B)yI,5002356264670756,203,Kermie Mollett,10/17/1999
279,Fredia,Trowler,Female,5/12/1990,Apt 304,CV17EQ,991-762-1530,ftrowler7q@cnbc.com,rU7#S|8/H9VouqF,5610339681539538272,004,Fredia Trowler,7/16/1980
280,Kari,Killingsworth,Female,4/27/1984,Apt 1899,CV11AH,120-420-7106,kkillingsworth7r@salon.com,jQ5+'}97*)wl?V,3572944105971411,581,Kari Killingsworth,3/29/1984
281,Zed,Spary,Male,10/15/1991,Suite 56,CV11AN,550-734-3681,zspary7s@biblegateway.com,"gG2%hpH0,",3570364212783652,608,Zed Spary,11/13/2005
282,Shaylynn,Duckers,Female,6/5/1976,PO Box 57943,CV11EA,544-677-0374,sduckers7t@people.com.cn,bK2|2~~RI,30101305055006,093,Shaylynn Duckers,4/12/2027
283,Carlotta,Kinchin,Female,8/4/1993,Room 256,CV11EJ,776-124-1122,ckinchin7u@java.com,eU0|c~z*,3586559289208887,393,Carlotta Kinchin,7/15/1952
284,Biddy,Frissell,Female,3/30/1978,Apt 842,CV11AP,814-402-2245,bfrissell7v@tamu.edu,hS0<I#op8{S\H|%!,5602249828603187,773,Biddy Frissell,12/27/2004
285,Burgess,Neary,Male,1/11/1953,Suite 83,CV11FE,849-610-5173,bneary7w@ezinearticles.com,gX3%.(n9g=>t,3587093397916727,806,Burgess Neary,1/30/1956
286,Junia,Karlolak,Female,6/24/1956,Room 1276,CV11EA,794-521-8445,jkarlolak7x@trellian.com,fE8\&|X+,5602249769047469,572,Junia Karlolak,5/4/2016
287,Ramon,Meugens,Male,9/24/1967,Apt 1022,CV11EY,210-268-7794,rmeugens7y@scientificamerican.com,dN3=0h*YKnGVfc.,4917737505143751,054,Ramon Meugens,10/18/1985
288,Galvin,Dranfield,Male,4/24/1978,Apt 1376,CV11FJ,163-812-8105,gdranfield7z@alibaba.com,"hY2&X,H""",3564923970960758,928,Galvin Dranfield,11/4/2016
289,Jarid,Fontin,Male,10/9/1958,7th Floor,CV11EY,473-168-1368,jfontin80@csmonitor.com,"iU4)B\""(=",3534182721744030,562,Jarid Fontin,5/22/1973
290,Cobby,Chamley,Male,10/17/1956,Apt 1271,CV11ET,854-839-5395,cchamley81@biglobe.ne.jp,sL0_2?XkNbP,3529538720965420,249,Cobby Chamley,12/13/2028
291,Carolina,Trippitt,Female,8/29/1974,15th Floor,CV11EA,860-213-3391,ctrippitt82@github.io,wE5&IsN'U67O!j,58935812191979091,869,Carolina Trippitt,10/30/2026
292,Weston,Camili,Male,3/2/1974,PO Box 66387,CV11AR,711-838-5094,wcamili83@xinhuanet.com,yM0+EF|kSuP,3547326854556142,025,Weston Camili,11/3/2028
293,Millard,Scowen,Male,6/27/1963,Apt 1040,CV11EX,738-813-3088,mscowen84@tiny.cc,wI5`?@{R),374622556841780,747,Millard Scowen,5/31/1995
294,Brande,Gawthorpe,Female,3/14/1991,Room 262,CV11FD,964-201-2288,bgawthorpe85@sohu.com,eI8.!`Lg,3542710840998838,462,Brande Gawthorpe,10/8/2001
295,Layton,Springthorp,Male,6/11/1974,9th Floor,CV11AN,415-890-6029,lspringthorp86@miitbeian.gov.cn,"vY6%h=r.i,7$",3547660715471798,629,Layton Springthorp,6/16/1975
296,Dominique,MacSwayde,Male,9/11/1955,3rd Floor,CV17EQ,883-773-0165,dmacswayde87@networkadvertising.org,sM3'7%(=k!,5610287014007730,468,Dominique MacSwayde,7/7/1991
297,Felike,Ricold,Male,3/27/1951,Room 401,CV11EX,851-695-6956,fricold88@slashdot.org,vX5=uXe(i,5602235467307305,773,Felike Ricold,12/23/1987
298,Matty,Tessington,Male,9/3/1974,PO Box 84168,CV11FD,910-224-4433,mtessington89@sciencedaily.com,zN2_0@2$8k8,3582840123717638,164,Matty Tessington,5/4/1995
299,Brendin,Fardy,Male,11/16/2001,PO Box 94148,CV11DD,139-883-3152,bfardy8a@qq.com,dD4$7*7qZ,63044072854291254,274,Brendin Fardy,3/11/1952
300,Mabel,Harbert,Female,12/8/1977,Room 834, CV11FL,190-238-8276,mharbert8b@cbc.ca,iK7)q.3%f,6331109058607467058,074,Mabel Harbert,12/1/2027
301,Paul,Astbury,Male,6/21/1953,Room 1757,CV12JE,133-435-6054,pastbury8c@go.com,eA4%UGL<,3582459208768760,970,Paul Astbury,12/12/2032
302,Ozzy,Vasyutin,Male,11/16/1973,Apt 321,CV11FE,124-301-1950,ovasyutin8d@addtoany.com,"uW2""7sk=f_""i}Vpm",3582761098251298,337,Ozzy Vasyutin,8/11/1992
303,Tam,Andriolli,Male,7/31/1963,7th Floor,CV11AL,222-465-7126,tandriolli8e@usgs.gov,vE9>E?wVOI,36288778449586,510,Tam Andriolli,11/7/1950
304,Bondon,Crocroft,Male,8/7/1960,PO Box 64764,CV11EE,408-211-2649,bcrocroft8f@va.gov,kM6)X*yoy8km,3576463516014659,567,Bondon Crocroft,3/20/1973
305,Mufinella,Snowball,Female,5/17/1975,Apt 1939, CV11FL,620-208-6268,msnowball8g@cafepress.com,pA0=v*}WPM)DaMf,3528297086383436,043,Mufinella Snowball,8/5/1962
306,Dolph,Tallquist,Male,10/19/1971,Suite 92,CV11FD,156-854-9463,dtallquist8h@businessweek.com,sW5#<%Mjyf},3540892232132432,968,Dolph Tallquist,6/26/1997
307,Joann,Matches,Female,10/6/1987,PO Box 87598,CV11AQ,113-511-3764,jmatches8i@reddit.com,oU2~)bw%,3561933211483604,468,Joann Matches,4/9/1952
308,Marne,Markwick,Female,1/10/1979,Suite 12,CV11DS,414-395-6922,mmarkwick8j@creativecommons.org,aA0*)TT%/B,337941339802042,785,Marne Markwick,6/4/1997
309,Delainey,Blundell,Male,8/3/1970,Apt 974,CV11AR,159-198-0397,dblundell8k@foxnews.com,lW4@Z42<TLieq#3.,201790974945290,702,Delainey Blundell,12/8/2008
310,Burch,Littlecote,Male,10/14/1985,Suite 14,CV11AQ,614-266-0270,blittlecote8l@goo.ne.jp,"uZ7""W%I9X8A",3585680360432690,621,Burch Littlecote,2/8/1968
311,Giraud,Burkert,Male,1/30/2001,Apt 871,CV11EE,814-832-3972,gburkert8m@ameblo.jp,lB0(d#e8E4Qf%r4,372615589095970,358,Giraud Burkert,7/27/1995
312,Lorant,Gallego,Male,4/23/1972,Suite 11,CV11EJ,356-372-9417,lgallego8n@mysql.com,aN4#a8_YNdkXc~e,201688337998065,053,Lorant Gallego,10/25/1980
313,Charleen,Curston,Female,2/14/1972,Apt 932,CV11EJ,588-249-6319,ccurston8o@github.io,hQ8@nd`=t,5602241601122410,027,Charleen Curston,12/31/1978
314,Dionne,Robey,Female,4/22/1984,PO Box 40135,CV11AH,394-488-2942,drobey8p@hatena.ne.jp,"eU8+0sPM_C{x""@P",374288495365008,965,Dionne Robey,10/31/1960
315,Debra,Zuppa,Female,4/23/1969,Suite 23,CV11EY,806-205-5929,dzuppa8q@oaic.gov.au,"tY8,lJ1p7H}D%p",5002352640291599,527,Debra Zuppa,2/13/2022
316,Giff,Manhare,Male,6/17/1956,PO Box 50528,CV11DS,715-605-7288,gmanhare8r@theglobeandmail.com,yL6.Hr{fu)%mYZ(,3569139400937853,948,Giff Manhare,8/11/2001
317,Andie,Justham,Agender,11/13/1989,Room 319,CV11AH,465-534-5781,ajustham8s@sfgate.com,zG2}<j0JlH3zHO\.,3531519264858771,357,Andie Justham,10/4/1953
318,Ranna,Danneil,Female,11/26/1993,PO Box 53470,CV11AJ,128-535-7909,rdanneil8t@technorati.com,"mP3(QTK=R,+J(3{",4026891694997655,891,Ranna Danneil,1/17/1965
319,Lethia,Conklin,Female,3/6/1982,Suite 20,CV11AP,824-130-3022,lconklin8u@telegraph.co.uk,"bK4_,9eZ1%N!",3569805843553057,294,Lethia Conklin,5/8/1977
320,Ree,Makiver,Female,7/22/1950,Suite 26,CV11DY,872-473-1187,rmakiver8v@i2i.jp,dS7'3{)%snflCV|,560223678357736591,563,Ree Makiver,11/1/2001
321,Roby,Faccini,Female,10/9/1968,Apt 1779,CV11EE,713-330-4325,rfaccini8w@indiatimes.com,dV4_%|b*v=,4844374993211755,243,Roby Faccini,11/12/1982
322,Hew,Baszniak,Male,7/31/2000,8th Floor,CV11EA,678-525-4943,hbaszniak8x@360.cn,tH6(C#{TWC,3550792587008814,621,Hew Baszniak,1/9/2013
323,Agace,Josefson,Female,4/18/1951,12th Floor,CV11EX,739-528-5256,ajosefson8y@columbia.edu,aL6\%*S#Eb}o,4936455346940283920,265,Agace Josefson,2/1/2008
324,Megan,Askaw,Female,11/17/1972,17th Floor, CV11FL,413-639-2323,maskaw8z@amazon.co.jp,"mG1<3K$90,>XsP6",3543112071499223,818,Megan Askaw,10/12/1986
325,Chaddy,Rushe,Male,8/30/1954,Apt 765,CV11FE,539-678-3539,crushe90@icq.com,"oS5/>B""""",3539013615889026,691,Chaddy Rushe,4/19/1969
326,Ive,Regnard,Non-binary,6/1/1977,PO Box 28065,CV11DE,880-733-3080,iregnard91@huffingtonpost.com,mY5@d8~#g')RYai,30195265337115,838,Ive Regnard,2/24/2024
327,Stuart,Sarginson,Male,2/8/1951,Room 1120,CV11FD,343-257-2625,ssarginson92@51.la,tL0<%I('1aC77LM,4844394300050571,963,Stuart Sarginson,9/10/2027
328,Lacie,Corballis,Female,3/22/1988,16th Floor,CV11AN,808-178-7682,lcorballis93@hp.com,yN7\s=xu6t3`dj,3586872874711557,943,Lacie Corballis,1/18/1961
329,Torr,Batterson,Male,12/6/1951,8th Floor,CV11DD,846-417-1029,tbatterson94@sciencedaily.com,lE5?uZOP)h~e)a~,3548906438698384,882,Torr Batterson,12/3/2014
330,Beckie,Mushawe,Bigender,2/7/1992,Room 1254, CV11FL,628-785-3065,bmushawe95@imdb.com,kS8|DHqriS!R0a(,3587599022391417,599,Beckie Mushawe,3/9/1990
331,Morty,Guslon,Male,4/17/1979,Suite 2,CV12JE,846-569-6309,mguslon96@huffingtonpost.com,vK2`yfz``,56022190229527838,854,Morty Guslon,9/22/1972
332,Miriam,Fargher,Female,7/23/1985,Suite 31,CV11DG,577-540-8027,mfargher97@omniture.com,yS5+y$'\H,5018217709762909002,065,Miriam Fargher,2/20/1953
333,Haskell,Hamlin,Male,8/9/1987,Suite 24,CV11EU,515-617-9255,hhamlin98@discuz.net,aG0|/s*su,5007664605661862,880,Haskell Hamlin,10/12/1975
334,Haslett,Greenly,Male,5/31/1987,Room 686,CV11EU,435-763-7149,hgreenly99@gov.uk,jG0'MhDk(Suf$,3576185668216333,917,Haslett Greenly,5/3/2012
335,Kenna,Flello,Female,1/5/2002,17th Floor,CV11FD,305-985-0062,kflello9a@mediafire.com,xI2<9il2,3582931155125608,008,Kenna Flello,2/20/2010
336,Vida,Lingfoot,Female,1/15/1973,Apt 851,CV11AJ,609-606-1697,vlingfoot9b@usatoday.com,sL0'65R019,3532705379404572,077,Vida Lingfoot,3/8/2029
337,Kile,Studart,Male,12/12/1966,Suite 29,CV11EU,255-141-8304,kstudart9c@bbb.org,nV6$icHw7/\,5602225769258439,045,Kile Studart,11/1/2006
338,Fern,Gabbotts,Female,1/21/2003,Room 427,CV11AR,559-915-9378,fgabbotts9d@odnoklassniki.ru,qH7_M&k'AVp,3583701651745855,304,Fern Gabbotts,1/24/1966
339,Palmer,Lodemann,Male,1/3/1997,PO Box 73495,CV11DF,599-792-4365,plodemann9e@wsj.com,wL8{FVcX,3547581656622407,379,Palmer Lodemann,10/15/1955
340,Jourdan,Weatherley,Female,11/15/1979,Room 1502,CV11DX,626-824-5614,jweatherley9f@bbb.org,eC2{OY'%/9Q,5602235376827542,455,Jourdan Weatherley,12/22/2020
341,Etan,Terrey,Male,12/6/2002,Apt 1241,CV12JE,229-233-8058,eterrey9g@redcross.org,aD4*>Uu0,201818703175531,577,Etan Terrey,1/19/1965
342,Amil,Fairbanks,Female,1/27/2000,Apt 251,CV11AQ,949-721-9333,afairbanks9h@springer.com,cS7/`KJOvL~2U,3543085155261273,172,Amil Fairbanks,9/17/2032
343,Minette,Piecha,Female,5/23/1988,Apt 1491,CV11FD,347-804-2249,mpiecha9i@dion.ne.jp,kT6?XA}L@x~tb!Z,3588213335894807,511,Minette Piecha,8/25/2003
344,Boy,Simeoli,Male,1/16/1963,PO Box 69186,CV12JE,192-951-6794,bsimeoli9j@kickstarter.com,lU4?X8$(`@H*Y+Z(,6706238438826346902,230,Boy Simeoli,12/17/1970
345,Leesa,Macvey,Female,12/12/1972,Suite 37,CV11FE,432-289-2275,lmacvey9k@nydailynews.com,tW7|Y=&.s#jKqzi,5002352182984288,063,Leesa Macvey,9/19/2013
346,Bordy,Cisec,Bigender,6/10/1964,Suite 16,CV11DL,599-482-1402,bcisec9l@reference.com,dN7!T23#,4903720737735269,326,Bordy Cisec,10/16/1960
347,Estrellita,Dearle,Female,7/5/1995,Room 1592,CV11DL,518-480-2095,edearle9m@google.com,wZ6/uUpT`|W3U0,3557098052022576,722,Estrellita Dearle,6/28/2010
348,Belvia,Tirone,Female,5/22/1965,Apt 1136,CV11ET,357-728-7135,btirone9n@deviantart.com,nL4(&YZ$OKno,3544293102415518,760,Belvia Tirone,5/22/2009
349,Kermie,Wycliffe,Male,8/28/1991,PO Box 26267,CV11DY,179-390-7157,kwycliffe9o@nba.com,iJ5>hywf$WVE,3581504513345829,180,Kermie Wycliffe,1/22/1999
350,Garry,Fleis,Male,8/24/1986,Suite 3, CV11FN,998-191-7237,gfleis9p@smh.com.au,hE9`4cG\YEF,3584342180884086,255,Garry Fleis,6/28/1997
351,Thaddus,Crocroft,Male,1/30/1974,PO Box 86771, CV11FL,345-772-2892,tcrocroft9q@ucsd.edu,"jG7=pR/Yy""nF)'e)",630432509541887354,768,Thaddus Crocroft,10/8/1987
352,Fabe,Lazar,Male,1/16/1958,Apt 549,CV11FJ,448-518-2515,flazar9r@webs.com,jK4?/wHu,5108756213122051,902,Fabe Lazar,1/27/1971
353,Bran,Jeannin,Male,2/18/1959,Apt 208,CV11EY,706-581-6068,bjeannin9s@census.gov,"nC6+uSBQ""Ee9",676264575995834628,032,Bran Jeannin,8/19/2018
354,Osbourn,Lotterington,Male,12/28/1983,Apt 995,CV11AH,305-533-6834,olotterington9t@cnbc.com,eB6@2(1(!m`,3589878809904677,643,Osbourn Lotterington,12/7/1983
355,Sarge,Drewery,Male,8/20/1961,Suite 15,CV11EE,686-307-6275,sdrewery9u@ebay.co.uk,dJ6+K9git$xD,337941990356270,899,Sarge Drewery,8/10/1989
356,Clywd,Szimon,Male,4/30/1965,Suite 8,CV11DE,774-204-2956,cszimon9v@google.com.br,"nJ4+epYh_p4c,$",4905224435670953318,750,Clywd Szimon,9/6/1965
357,Mead,Von Brook,Female,12/9/1994,Apt 720,CV11EX,338-692-4469,mvon9w@sciencedaily.com,"iI0%,iWfDPl",3529836862646612,106,Mead Von Brook,10/21/1955
358,Ronda,Udale,Genderfluid,3/12/2001,PO Box 30085,CV11FD,619-481-0959,rudale9x@bravesites.com,iW9}fpZjm{|+QE,633110788700378792,120,Ronda Udale,6/15/1995
359,Theobald,McKibben,Male,5/13/1980,Room 18,CV11FE,358-399-3771,tmckibben9y@lulu.com,pD8\|>#~@Q|%,3585325608316129,335,Theobald McKibben,2/19/1995
360,Osbourne,Thonason,Male,1/13/1988,Suite 96, CV11FL,230-612-5692,othonason9z@slate.com,"qG4#/=go\V""Oo!",4917741741625936,335,Osbourne Thonason,1/8/2026
361,Neil,Simcoe,Male,2/26/1990,Suite 22,CV11DG,712-493-8062,nsimcoea0@instagram.com,yQ2~0!ET,374283489277954,071,Neil Simcoe,8/7/2015
362,Siegfried,Barrass,Male,3/2/1991,Apt 1898, CV11FL,358-362-3309,sbarrassa1@lulu.com,cB2_r(n&+&*AnWz,3561038112101253,708,Siegfried Barrass,3/13/2021
363,Feliza,Foxton,Female,10/14/2001,11th Floor,CV11DY,119-637-9094,ffoxtona2@miitbeian.gov.cn,xN5(G5~PD,50185106814307507,673,Feliza Foxton,9/19/1988
364,Quincy,Finnes,Male,9/14/2002,PO Box 79430,CV11DD,862-502-6499,qfinnesa3@youku.com,oL6.PweFy%,5010121760893579,716,Quincy Finnes,5/20/2000
365,Kingston,Spawton,Male,7/4/1991,Room 1882,CV11DS,693-748-3356,kspawtona4@unicef.org,hH0}G)M?uT*an5z?,5100177978757668,396,Kingston Spawton,4/10/2017
366,Dorothy,Denson,Female,12/16/1992,Suite 50,CV11EA,862-712-7784,ddensona5@opera.com,vC0<+$vZ5p\n,3577919675345340,921,Dorothy Denson,5/1/2018
367,Peterus,Mitcham,Male,11/18/1962,Suite 23,CV11DE,402-890-2233,pmitchama6@blogger.com,"wF0|kf,I",5038162469360018986,244,Peterus Mitcham,10/18/1950
368,Gran,Marini,Male,9/20/1974,PO Box 15801,CV11AQ,557-609-1349,gmarinia7@wikispaces.com,dJ2'kyB}MVS3,3553835861702896,061,Gran Marini,9/7/1987
369,Gratiana,Baston,Female,8/13/1950,Suite 5,CV11EU,778-831-8639,gbastona8@nih.gov,"lI8}>,c'e",3533445665468416,026,Gratiana Baston,8/29/2025
370,Delilah,de Bullion,Female,12/3/1987,12th Floor,CV11AH,864-492-5597,ddea9@auda.org.au,"mD2.!~p,O.D60HH",4175009376941516,433,Delilah de Bullion,8/31/2026
371,Priscella,Ingham,Genderqueer,7/22/1987,Room 492,CV11DN,713-868-7302,pinghamaa@dell.com,gH5/K$DyH'&,3562224478166861,440,Priscella Ingham,9/24/1967
372,Cesar,Corse,Genderfluid,9/26/1966,18th Floor,CV11FE,733-904-3930,ccorseab@github.com,dQ9*#NoEd<,4844711997209741,641,Cesar Corse,10/15/2008
373,Annetta,Bradbeer,Female,10/30/1991,Room 1528,CV11AH,684-667-9650,abradbeerac@nyu.edu,vM7>@h2W>fp&(ap,4911865929582159,225,Annetta Bradbeer,8/31/1962
374,Ki,Warder,Female,8/9/1990,17th Floor,CV11FE,607-802-2862,kwarderad@hp.com,"oE0\Ry,3a",201719381597873,433,Ki Warder,6/28/1981
375,Hayward,Dakers,Male,3/31/1951,7th Floor,CV11DY,504-573-9802,hdakersae@businessinsider.com,jM6'Gfy{.0sLJKY,3552967092357819,623,Hayward Dakers,2/18/2009
376,Harcourt,Gabbetis,Male,12/8/1980,Room 999, CV11FN,189-153-7046,hgabbetisaf@elegantthemes.com,gR7/LO5D2R,379317145154549,241,Harcourt Gabbetis,11/22/1981
377,Carlin,Crigin,Male,8/30/1950,Apt 61,CV11EA,846-394-1761,ccriginag@google.com.hk,bU6=KI`vJ,50183140760601300,744,Carlin Crigin,4/2/2002
378,Ketty,Doog,Female,6/30/1982,Room 1185,CV17EQ,429-240-6835,kdoogah@dedecms.com,qT2<@i!M1yraO1,5602223183440014,469,Ketty Doog,7/18/1951
379,Aurel,Fawltey,Female,4/22/1968,Room 494,CV11FD,901-364-2487,afawlteyai@storify.com,bM1/p&903,6331100156369659,484,Aurel Fawltey,5/3/2028
380,Hurleigh,Nutley,Male,10/14/1958,Apt 68,CV11AR,580-784-3537,hnutleyaj@reference.com,rK7`/k8YD,3554735421135919,894,Hurleigh Nutley,11/20/2027
381,Chalmers,Clelland,Male,12/25/2003,PO Box 59950,CV11EU,631-181-1154,cclellandak@shinystat.com,qR8&VGTw(sERHN3#,3574802850644765,828,Chalmers Clelland,12/9/1997
382,Annadiane,Oliphand,Female,10/7/1970,20th Floor,CV11FJ,821-528-4685,aoliphandal@economist.com,cQ3@&k+#fryD,3535192050204653,762,Annadiane Oliphand,8/30/2013
383,Veronique,Colombier,Female,10/1/1978,Apt 1734,CV17EQ,173-496-8666,vcolombieram@google.co.uk,"mT7})(,LLJiK?R",3574723212610817,862,Veronique Colombier,1/16/2025
384,Merla,Winterborne,Female,1/12/1992,20th Floor,CV11FJ,950-874-6566,mwinterbornean@smh.com.au,"kM9}m,TvK",3530361299896851,296,Merla Winterborne,10/1/1958
385,Tisha,Belloch,Female,2/17/2002,15th Floor,CV11AJ,691-576-8604,tbellochao@deviantart.com,dY5>/Tv~|>\<?5gv,4903973761729273574,384,Tisha Belloch,12/19/1981
386,Alameda,Burberye,Female,12/4/1956,Room 1927, CV11FN,404-749-9916,aburberyeap@vk.com,"jO3'#|,8ShD~d3_",3560179072223132,798,Alameda Burberye,9/24/2009
387,Eve,Dallan,Female,6/24/1981,PO Box 67071,CV11EA,114-622-6149,edallanaq@weebly.com,vV5\z{>d0PF%=e,6762939342823716353,042,Eve Dallan,6/29/1963
388,Rozele,Foxworthy,Female,10/14/1996,Suite 62,CV11AJ,984-827-7691,rfoxworthyar@va.gov,vQ0.x(%~gh,3573313229239239,908,Rozele Foxworthy,11/21/1968
389,Gael,Pudsey,Male,6/13/1986,Suite 95, CV11FL,994-481-5090,gpudseyas@sbwire.com,gV7\gsk4,4041597827641,194,Gael Pudsey,3/25/1981
390,Fonz,O'Kynsillaghe,Genderqueer,12/13/1959,15th Floor,CV11FE,312-846-4143,fokynsillagheat@mozilla.com,gZ8!pr|B\=,3588743684996175,135,Fonz O'Kynsillaghe,9/22/1977
391,Salomo,Trudgian,Male,12/28/1986,PO Box 418,CV11DE,738-822-9852,strudgianau@ifeng.com,wC9>{eU%T,345647937323253,333,Salomo Trudgian,11/25/2014
392,Hew,Jubb,Male,8/10/1986,Apt 1018,CV11EJ,404-495-3517,hjubbav@ihg.com,xQ9?`a6otZ)Pl,30090997773325,071,Hew Jubb,5/12/2014
393,Blondy,Gamet,Female,9/16/1980,PO Box 41946,CV11EX,224-825-7625,bgametaw@netlog.com,zX4(?AgN.mB,30279717005395,904,Blondy Gamet,3/12/1958
394,Deana,Abrahmson,Female,6/23/1984,Suite 25,CV11DD,713-222-3737,dabrahmsonax@google.it,cI1\U88{P,3538763357551942,332,Deana Abrahmson,1/20/1989
395,Kariotta,Viger,Female,5/19/2003,Apt 1694,CV11EX,739-643-6253,kvigeray@1688.com,kX2$e/qC><Zfq~.`,3553994263887837,042,Kariotta Viger,2/15/2010
396,Shelly,Fall,Female,11/29/1972,Suite 87, CV11FN,131-830-0482,sfallaz@fastcompany.com,"zS6&"")X)84b&3""",3566154208749999,011,Shelly Fall,11/8/1969
397,Care,Esbrook,Male,5/4/1980,Apt 1376,CV11ET,695-703-4737,cesbrookb0@weebly.com,eR7$S0@GKUxcd,3537471055762438,971,Care Esbrook,3/20/1970
398,Sunny,Grishechkin,Polygender,3/21/1995,Room 1937,CV11FE,286-753-1854,sgrishechkinb1@google.co.uk,jJ3`dk8jU2}V1(I,3532953488635609,472,Sunny Grishechkin,3/13/1994
399,Halette,Kraut,Polygender,8/25/1955,3rd Floor,CV11AP,668-969-0079,hkrautb2@icq.com,rP2&NM8g}%o9lrc~,3584028257359991,095,Halette Kraut,3/16/2033
400,Roosevelt,Kupker,Male,6/23/1976,Suite 22,CV11AP,173-984-7286,rkupkerb3@economist.com,hX1*2*s3,201972870639827,305,Roosevelt Kupker,7/31/1956
401,Ravid,Abethell,Male,10/18/1969,Apt 852,CV11DE,387-211-7526,rabethellb4@amazon.com,qE9@QYI4sY,3529417936999962,272,Ravid Abethell,11/10/1988
402,Nico,Earlam,Male,11/30/1983,14th Floor,CV11DX,118-549-3878,nearlamb5@ibm.com,pD5<G3OU8U5B,3537905983480191,593,Nico Earlam,1/1/2028
403,Jourdan,Phette,Female,1/7/1984,15th Floor,CV11EJ,360-560-1717,jphetteb6@mapy.cz,"tC5,U!KC",6331103993306587,837,Jourdan Phette,7/21/1984
404,Gipsy,Cavill,Female,3/31/1983,Suite 95,CV11EY,656-274-0701,gcavillb7@e-recht24.de,dS0=caMk551u_,374622844402957,338,Gipsy Cavill,4/1/1981
405,Reed,Quogan,Male,6/6/1972,Room 1353,CV11DD,454-346-2076,rquoganb8@sitemeter.com,jJ7?&yE=,3570400415964416,255,Reed Quogan,6/15/1971
406,Fifine,Klaaasen,Female,3/2/1991,PO Box 599,CV12JE,797-579-6395,fklaaasenb9@phoca.cz,xP1.BP8%,3528868350186976,145,Fifine Klaaasen,10/15/1952
407,Edwin,Everiss,Male,4/1/1989,10th Floor,CV11DE,253-116-8817,eeverissba@ox.ac.uk,sU4|w*%4O,4844430645478208,088,Edwin Everiss,8/30/1997
408,Lorie,Brierton,Female,8/15/1955,Suite 37,CV11DE,223-653-7923,lbriertonbb@ezinearticles.com,jU2)E.@6(U,30570592695957,791,Lorie Brierton,5/25/1976
409,Royal,Shorey,Male,3/15/1990,PO Box 81728,CV11EJ,186-417-2831,rshoreybc@ihg.com,eH6/qN##`Xzh$5t,4917955630641511,991,Royal Shorey,9/7/1988
410,Kesley,McIlhatton,Female,12/2/2002,Suite 41, CV11FL,959-881-8108,kmcilhattonbd@posterous.com,bT7%<{pbb,3582756639806477,977,Kesley McIlhatton,3/8/2004
411,Jerad,Bruckental,Male,12/29/2002,PO Box 53022,CV17EQ,871-950-5248,jbruckentalbe@alibaba.com,hJ4.lVK<g|M*~Jk3,5108755712852507,337,Jerad Bruckental,4/13/1991
412,Wilone,Wanka,Female,2/13/1986,Room 918,CV11DL,127-723-0478,wwankabf@hatena.ne.jp,mH3$TyY.DN,201487969356233,012,Wilone Wanka,8/21/1960
413,Raddie,Newcomb,Male,9/3/1953,6th Floor,CV11AJ,832-567-2049,rnewcombbg@pagesperso-orange.fr,gO7)Q\/&1M,6387440951994886,589,Raddie Newcomb,1/12/1995
414,Percival,Ciccarello,Male,7/14/1992,PO Box 80976,CV11ET,488-406-6836,pciccarellobh@hatena.ne.jp,rJ8%+a@IC&,67716479703845511,585,Percival Ciccarello,12/24/2013
415,Eada,Cancellario,Female,11/14/1982,5th Floor,CV11EX,485-981-1391,ecancellariobi@rakuten.co.jp,lU9<8fid),4026958353389571,671,Eada Cancellario,10/28/2026
416,Ingeborg,McKeowon,Female,10/31/1957,Room 1717,CV11EX,166-459-8222,imckeowonbj@rambler.ru,lA3_++Roxf=CKN,4913124819131927,733,Ingeborg McKeowon,8/4/2028
417,Pablo,Stopp,Male,5/3/1969,PO Box 84573,CV11EE,948-946-2810,pstoppbk@salon.com,"vP5!0c,Uhsh<",4911966254063540,152,Pablo Stopp,6/30/1954
418,Pepito,Gashion,Male,10/2/1965,Apt 180,CV11FE,287-184-9258,pgashionbl@blogtalkradio.com,jH5/rxZd,3548234825279001,827,Pepito Gashion,5/16/1983
419,Myrle,Normandale,Female,5/17/1979,Room 167,CV11EE,653-133-0569,mnormandalebm@redcross.org,wD8!0024!w..%p,5443115233063189,774,Myrle Normandale,12/18/2020
420,Gusty,Noice,Female,8/28/1953,Suite 27,CV11DE,668-790-0159,gnoicebn@nps.gov,kW3'~L+w,3569793536081794,693,Gusty Noice,1/22/2021
421,Lolly,Duligal,Female,10/17/1983,9th Floor,CV11DD,348-898-6305,lduligalbo@vkontakte.ru,kS2/=(@%j$,4913187042141443,749,Lolly Duligal,10/3/2006
422,Lissa,Skyrme,Female,11/29/1999,3rd Floor,CV11AP,570-896-7592,lskyrmebp@i2i.jp,nR9%b>4fpLK,3575196898508663,239,Lissa Skyrme,1/12/1960
423,Zacharias,Purchase,Male,5/20/1980,Apt 742,CV11AH,671-727-5323,zpurchasebq@alexa.com,"sC6,/""ij",5010123443406951,402,Zacharias Purchase,8/4/1951
424,Bennie,Keyworth,Female,5/3/1988,Apt 1692,CV11EY,645-323-6566,bkeyworthbr@tinypic.com,mY9'MdtAn3mdT6D,3552491109707320,793,Bennie Keyworth,2/12/1974
425,Morgan,Tremmil,Male,1/26/1980,Apt 978,CV11DN,360-868-0344,mtremmilbs@ted.com,tU0%XAOMt0,6333025275660563,945,Morgan Tremmil,4/28/1977
426,Cyrill,Huntingford,Male,9/11/1993,Suite 74,CV11EJ,986-671-5709,chuntingfordbt@cbc.ca,rG1/6p~|Ma,3567609728115012,923,Cyrill Huntingford,3/14/1998
427,Colby,Feenan,Male,5/1/2003,Apt 527,CV17EQ,285-714-5892,cfeenanbu@theguardian.com,hC1!mJX8Xe$E,3586099301056451,147,Colby Feenan,6/4/2021
428,Catarina,Langstaff,Female,3/15/1969,PO Box 53127,CV11AQ,560-983-7882,clangstaffbv@ebay.com,"lX5~8,5HL",3551953296329060,403,Catarina Langstaff,10/10/2021
429,Emmalynne,Gronw,Female,1/16/1967,Apt 1570,CV11FD,637-432-5962,egronwbw@upenn.edu,iQ4?bLb`w&'2bI,374622205247066,329,Emmalynne Gronw,1/29/1960
430,Davide,McGill,Male,3/21/1951,Apt 1706,CV11DF,286-230-0909,dmcgillbx@paginegialle.it,lN8+y2hkH)x0KU5,30315262435726,104,Davide McGill,5/14/2027
431,Ford,Schimmang,Male,8/31/1995,PO Box 92561,CV11AN,296-454-2800,fschimmangby@sakura.ne.jp,hS2>QT'\,5480011344856864,197,Ford Schimmang,7/6/1956
432,Giovanni,Crosskill,Male,11/12/1980,PO Box 40218, CV11FL,221-649-8745,gcrosskillbz@ucla.edu,fF4}$vqWwlXM,3567140206389267,076,Giovanni Crosskill,7/25/1992
433,Vonni,De La Haye,Female,5/1/1995,Room 1461,CV11AQ,918-354-8557,vdec0@imdb.com,cJ4*f=*?O>J&L,67630860523960403,911,Vonni De La Haye,5/30/1966
434,Haily,Fussey,Male,1/11/1998,PO Box 20385, CV11FL,161-811-1064,hfusseyc1@timesonline.co.uk,iD9!Hj(G8lDi=,3583170616490843,276,Haily Fussey,4/16/1955
435,Lindi,Challicombe,Non-binary,7/23/1965,PO Box 93860,CV11DS,846-717-2840,lchallicombec2@comcast.net,vD8}gkE/*'CrYV,3588134264485088,219,Lindi Challicombe,1/12/2027
436,Son,Cansfield,Male,2/11/1999,Room 1014,CV11AR,136-459-5878,scansfieldc3@google.com,wK6~OXqTp,5048374136934223,340,Son Cansfield,3/18/1978
437,Heddi,Siggin,Female,9/6/1967,Suite 48,CV11AN,868-160-3431,hsigginc4@hugedomains.com,bE3@iz%|#%SbJ?p,3546622779857073,563,Heddi Siggin,2/1/1989
438,Roseanna,Dulake,Female,10/30/1952,Suite 31,CV11EE,444-646-1584,rdulakec5@desdev.cn,"tL0\""qX2qF88.",6377169171574085,971,Roseanna Dulake,2/24/1960
439,Noreen,Boast,Polygender,7/17/1977,Room 165,CV11EY,730-876-9422,nboastc6@twitter.com,rU3%+XwFcgW,201457720579159,506,Noreen Boast,6/21/2001
440,Walton,Sailor,Male,6/1/1957,7th Floor,CV11DL,533-157-4746,wsailorc7@cbc.ca,gD7/'*HJ,6383681411409957,814,Walton Sailor,1/8/1976
441,Vale,Stanners,Non-binary,6/28/1988,Apt 1917,CV11AH,785-193-3470,vstannersc8@ycombinator.com,tX7'pqVU}ERxXt,67620419899369764,718,Vale Stanners,6/9/1998
442,Ulises,Brislawn,Male,2/7/1953,10th Floor,CV17EQ,136-697-3442,ubrislawnc9@myspace.com,dP6#H%L%~,3577599591195803,959,Ulises Brislawn,8/23/1999
443,Lulu,Leon,Female,9/19/1997,2nd Floor,CV11AR,453-234-8277,lleonca@mail.ru,wA8>C>`||,3573103502901740,258,Lulu Leon,12/14/1971
444,Rorke,Herche,Male,3/2/2004,Apt 596,CV11AH,218-153-9710,rherchecb@nih.gov,dL6?&=*CSQ'1LYTu,3530462371926630,712,Rorke Herche,8/26/1954
445,Jackqueline,Epple,Genderfluid,1/25/1990,PO Box 50521,CV11AP,236-201-9389,jepplecc@wix.com,dZ4`wXMV$7InF,3542960921954594,538,Jackqueline Epple,8/13/1974
446,Kelli,Lucus,Female,3/15/1961,6th Floor,CV11EA,194-174-2470,klucuscd@ebay.com,iK2*aU0Q6,3577863033001528,443,Kelli Lucus,6/21/1957
447,Jonas,Ellesmere,Male,2/4/1965,Suite 65,CV11DL,595-715-2150,jellesmerece@uol.com.br,aU7+dwHz',3534871856872091,076,Jonas Ellesmere,8/6/1977
448,Meta,Faustian,Female,10/7/1994,PO Box 14058,CV11DG,364-393-8082,mfaustiancf@diigo.com,qY9)M4u\O7tNX,3552165822210032,608,Meta Faustian,6/1/1962
449,Madelene,Astin,Female,12/23/1963,Suite 48,CV11EU,746-672-4791,mastincg@whitehouse.gov,lV6*I%pYv,3571179536151561,097,Madelene Astin,2/24/1964
450,Adan,Forton,Bigender,3/14/1993,PO Box 387,CV11DS,639-938-4009,afortonch@privacy.gov.au,zM8(mt<b'J6{,3534357380040082,422,Adan Forton,7/9/1969
451,Sonny,Beccles,Genderfluid,3/3/1989,17th Floor, CV11FN,727-576-8615,sbecclesci@ucsd.edu,"bV8""_U5W",3588169567339566,219,Sonny Beccles,2/7/1985
452,Bria,Blair,Female,6/4/1980,Room 1735,CV11DS,266-301-9935,bblaircj@state.tx.us,dV6)+<Bz,372301443438918,892,Bria Blair,4/5/2032
453,Nathanael,Smewin,Male,5/5/1986,Suite 89,CV11EJ,354-181-8105,nsmewinck@usa.gov,hI7&?=FD?Y*twYgE,5602246516568392002,994,Nathanael Smewin,7/10/1998
454,Sue,Girauld,Bigender,2/28/1992,Apt 599,CV17EQ,402-203-6282,sgirauldcl@taobao.com,jI5|kPDGpqa2zU#P,3553610957271373,219,Sue Girauld,10/12/1988
455,Darill,Chadwen,Male,6/12/1974,Apt 194,CV11ET,206-183-9604,dchadwencm@wikipedia.org,aA3=e&S!01v/%da`,374283900853862,700,Darill Chadwen,10/11/1956
456,Loy,Yuranovev,Male,1/9/2004,PO Box 29333,CV11EA,673-626-7792,lyuranovevcn@chronoengine.com,iM6+chtce>GJa,3537188342770145,350,Loy Yuranovev,11/28/1972
457,Broderic,Longman,Male,1/10/1964,Suite 63,CV12JE,248-167-0101,blongmanco@imdb.com,"cT4~6m~,sfN&",4913279222025783,118,Broderic Longman,11/4/2027
458,Cassandry,Toffel,Female,1/16/1997,13th Floor,CV11EU,154-438-8185,ctoffelcp@spiegel.de,hC8~$2b6,630480531814902570,122,Cassandry Toffel,2/16/1979
459,Elga,Colling,Polygender,3/26/2001,PO Box 16269,CV11ET,718-950-5958,ecollingcq@miibeian.gov.cn,"sE4<Z$%0}Bq@""!2a",5610376155733533,200,Elga Colling,3/6/2032
460,Flory,Beevor,Male,12/30/1999,Apt 378,CV11FJ,508-640-6267,fbeevorcr@europa.eu,"gA0/96_``,2yO",5602221331772349114,120,Flory Beevor,12/5/1961
461,Antoinette,Chadband,Female,6/18/1995,Room 1502,CV11EE,689-103-5092,achadbandcs@google.ru,fY4'ya4#m,3538332470808959,613,Antoinette Chadband,1/30/1951
462,Jonas,Van Arsdall,Male,5/2/1964,Room 41,CV11DX,143-942-1855,jvanct@ed.gov,zH4?9@D_*h>{P_fZ,3530892692566550,683,Jonas Van Arsdall,2/17/2034
463,Guenna,Tirrell,Female,10/29/1995,Room 231,CV11AQ,809-567-3972,gtirrellcu@webs.com,"dP4~qE751{I,t",6331105711258222,261,Guenna Tirrell,12/12/1950
464,Saunders,Dumbreck,Male,6/25/1967,Suite 61,CV11AN,354-265-1920,sdumbreckcv@dion.ne.jp,"yW6\xM8""{",201806784721356,326,Saunders Dumbreck,4/20/1991
465,Elia,Lowdeane,Male,10/26/1980,PO Box 62529,CV11DG,272-287-1281,elowdeanecw@flickr.com,wB9&)p.GPCRez,5424189896299417,395,Elia Lowdeane,12/2/1978
466,Fabio,Sacks,Male,12/25/1958,Suite 8,CV11AR,736-652-6656,fsackscx@jimdo.com,xU7{Eb6Dc,5485207868869268,401,Fabio Sacks,10/28/2030
467,Sarene,Kille,Female,11/26/1996,Apt 1802,CV11AH,561-261-2936,skillecy@weibo.com,xU9$15t>=P4`d%=,3555197644611151,199,Sarene Kille,3/19/2024
468,Jorey,Butner,Non-binary,6/8/1983,Suite 77,CV11DD,239-459-2858,jbutnercz@bizjournals.com,zT7&JE)Ht+jcXs3,374288124008409,219,Jorey Butner,1/29/2005
469,Flori,Sneesby,Female,11/22/1983,Room 36,CV11EE,130-872-7070,fsneesbyd0@indiegogo.com,sL0(pK*U6&v|/nnk,3542817578441673,168,Flori Sneesby,9/20/2022
470,Theodoric,Bywaters,Male,4/3/1993,20th Floor,CV11FE,869-165-0804,tbywatersd1@rakuten.co.jp,zP3!v<&*B`D,5048374631036680,886,Theodoric Bywaters,1/22/1957
471,Lars,Lawful,Male,12/11/1976,PO Box 11361,CV11FE,568-786-6242,llawfuld2@mapy.cz,oX2|T&{w,3589178619552893,429,Lars Lawful,6/20/2003
472,Davis,Claye,Male,12/24/1999,18th Floor,CV11FJ,790-302-3121,dclayed3@answers.com,wH5<@9WGR,0604610772490778524,762,Davis Claye,12/13/1991
473,Rochelle,Spillard,Genderqueer,6/25/1950,Room 1167,CV11AR,542-535-0176,rspillardd4@discuz.net,dN2>A}5TD4iK.hKq,3530822422255422,190,Rochelle Spillard,3/27/1993
474,Shepherd,O Sullivan,Male,3/11/1996,Apt 1139,CV11DG,798-640-8042,sod5@tmall.com,uR1@VY'&5s,5610067626266837,153,Shepherd O Sullivan,7/20/2018
475,Yuma,Ioannidis,Male,8/9/1977,Suite 25,CV11AQ,379-399-7411,yioannidisd6@admin.ch,zN1&{2FP9cB,201740422456572,214,Yuma Ioannidis,3/29/1958
476,Lance,Perotti,Male,2/19/1975,Room 625,CV11DX,843-137-7161,lperottid7@ask.com,sZ0/EYP_2W!nz<,633498508989418511,093,Lance Perotti,1/28/2021
477,Ulrick,Gibbard,Male,8/14/2003,PO Box 58549,CV17EQ,168-396-0865,ugibbardd8@canalblog.com,sZ7'Tx$K.'dx>}%,6761897977917322,674,Ulrick Gibbard,12/18/2011
478,Walker,Bolens,Male,9/20/1962,PO Box 8750,CV11DL,945-679-6549,wbolensd9@reddit.com,vL7%C5BUCN46x?,3577950561837603,031,Walker Bolens,2/14/1971
479,Fitzgerald,Gronauer,Genderfluid,10/22/1994,PO Box 37777,CV11AN,948-465-0685,fgronauerda@chronoengine.com,rT5.}B#}?8u'pL,4911110179883905922,859,Fitzgerald Gronauer,2/28/1991
480,Murielle,Shearsby,Female,11/1/1967,9th Floor,CV11DL,487-506-1916,mshearsbydb@gizmodo.com,iU5{_5Oj*Y3,3584010031539791,652,Murielle Shearsby,5/31/2023
481,Steffi,Laxson,Female,4/21/1993,20th Floor,CV11AH,959-637-0185,slaxsondc@squarespace.com,nW0%iapBbm_33Iql,4041372830828,432,Steffi Laxson,11/15/2027
482,Tyrone,Sellors,Male,12/13/1952,Apt 61,CV11EA,154-770-2303,tsellorsdd@accuweather.com,lY5..3(Z+,6331102772713286,984,Tyrone Sellors,3/15/1957
483,Sharai,De La Hay,Female,1/28/1959,15th Floor, CV11FN,829-194-6125,sdede@goo.ne.jp,"lA3@S""g?r5.@",3531613022655882,368,Sharai De La Hay,6/6/1997
484,Madelle,Pettiward,Female,9/17/1953,Room 1749,CV11DD,285-597-1729,mpettiwarddf@google.it,"dW4'P2u""c`L_?8U",3541885728015474,234,Madelle Pettiward,8/19/1988
485,Desiri,Infante,Female,7/26/2002,Room 217,CV11AR,234-294-6174,dinfantedg@theatlantic.com,pE4&fi&{8V1P7kX,374288846518065,510,Desiri Infante,1/7/1973
486,Boniface,Metson,Male,12/11/1969,PO Box 70538,CV11FJ,484-981-2029,bmetsondh@free.fr,"oI9'kr\""HnUV/X",374283284007275,924,Boniface Metson,4/29/2007
487,Dennison,Blacktin,Male,12/4/1987,PO Box 69231, CV11FL,187-420-4498,dblacktindi@wufoo.com,vF9=bo_6,5602247437189986,553,Dennison Blacktin,2/7/2001
488,Zack,Candish,Male,7/2/1973,Suite 1,CV11FE,469-507-5369,zcandishdj@pagesperso-orange.fr,"iH0""a}Czc",5602215570286356,361,Zack Candish,12/6/1958
489,Gilburt,Sommerling,Male,10/12/1959,Room 1136,CV11DY,990-559-9050,gsommerlingdk@homestead.com,dG0}uV%yc.,3578090119488762,666,Gilburt Sommerling,11/1/2013
490,Corella,Camplejohn,Female,3/1/1991,11th Floor,CV11FE,460-239-5832,ccamplejohndl@yelp.com,"lE6*sY(""oiB.",5409955110100972,983,Corella Camplejohn,12/21/1950
491,Alyson,Hedde,Female,10/31/1974,Room 1895,CV11AQ,437-520-4945,aheddedm@slashdot.org,"eD3!>hU0UNY|TD""Z",3587847428538408,238,Alyson Hedde,11/15/1973
492,Valery,Dureden,Female,2/14/1992,Suite 68,CV11DL,341-997-2722,vduredendn@jiathis.com,wA8(p\+C.,6771232241681824934,043,Valery Dureden,3/23/1970
493,Simone,McClifferty,Female,4/1/2000,PO Box 10358,CV11EE,170-831-4158,smccliffertydo@vkontakte.ru,sH1%.{tR!!`,3560359287473736,886,Simone McClifferty,9/14/1992
494,Alphonso,Serrier,Male,2/14/1985,Apt 1981,CV11DY,215-255-1705,aserrierdp@i2i.jp,vD6}T2h/>/`&NZ,3568814779399981,014,Alphonso Serrier,1/18/1971
495,Ara,Waldock,Male,5/6/1988,10th Floor,CV11ET,573-532-8288,awaldockdq@usgs.gov,rA3\QpsVg,3549017888715329,233,Ara Waldock,11/27/1954
496,Chrystal,Sacks,Female,10/8/2000,18th Floor,CV11EU,465-265-1522,csacksdr@clickbank.net,rX6/KhA0,3581926606803119,958,Chrystal Sacks,11/27/2027
497,Holden,Exley,Male,12/19/1994,Suite 3,CV11AP,517-644-1971,hexleyds@answers.com,cY7{xM5&hpZ.VHz,560224427030159576,977,Holden Exley,7/15/2001
498,Lisabeth,Scatchard,Agender,12/25/1983,Apt 226,CV12JE,704-222-8102,lscatcharddt@soundcloud.com,lD4*BJ$7C3V,3556823383057863,531,Lisabeth Scatchard,4/23/2006
499,Carmine,Franceschino,Male,1/10/1981,Room 1193,CV11DN,976-852-2869,cfranceschinodu@globo.com,mY2+GW0',30061285765893,336,Carmine Franceschino,8/23/2027
500,Clemmy,Spennock,Female,3/13/1952,2nd Floor,CV12JE,650-424-6667,cspennockdv@go.com,hE2{@~K~oO,3558873281045617,626,Clemmy Spennock,7/12/1993
